ISO-10303-21;
HEADER;
/* Generated by software containing ST-Developer
 * from STEP Tools, Inc. (www.steptools.com) 
 */
/* OPTION: using custom renumber hook */

FILE_DESCRIPTION(
/* description */ ('STEP AP242 Edition 2',
'CAx-IF Rec.Pracs.---Representation and Presentation of Product Manufa
cturing Information (PMI)---4.0---2014-10-13',
'CAx-IF Rec.Pracs.---3D Tessellated Geometry---0.4---2014-09-14','2;1',
'CAx-IF Rec.Pracs.---User Defined Attributes---1.5---2016-08-15'),
/* implementation_level */ '2;1');

FILE_NAME(
/* name */ 'Toy Robot',
/* time_stamp */ '2026-07-30T22:32:13Z',
/* author */ (''),
/* organization */ (''),
/* preprocessor_version */ 'ST-DEVELOPER v20',
/* originating_system */ 'ONSHAPE BY PTC INC, 1.218',
/* authorisation */ '  ');

FILE_SCHEMA (('AP242_MANAGED_MODEL_BASED_3D_ENGINEERING_MIM_LF { 1 0 10303 442 3 1 4 }'));
ENDSEC;

DATA;
#10=ELLIPSE('',#1963,0.0269407683632075,0.01905);
#11=ELLIPSE('',#1964,0.0269407683632075,0.01905);
#12=ELLIPSE('',#1966,0.0269407683632075,0.01905);
#13=ELLIPSE('',#1968,0.0269407683632075,0.01905);
#14=ELLIPSE('',#1971,0.0269407683632075,0.01905);
#15=ELLIPSE('',#1972,0.0269407683632075,0.01905);
#16=ELLIPSE('',#1974,0.0269407683632075,0.01905);
#17=ELLIPSE('',#1976,0.0269407683632075,0.01905);
#18=ELLIPSE('',#1986,0.0269407683632075,0.01905);
#19=ELLIPSE('',#1987,0.0269407683632075,0.01905);
#20=ELLIPSE('',#1989,0.0269407683632075,0.01905);
#21=ELLIPSE('',#1991,0.0269407683632075,0.01905);
#22=ELLIPSE('',#1994,0.0269407683632075,0.01905);
#23=ELLIPSE('',#1995,0.0269407683632075,0.01905);
#24=ELLIPSE('',#1997,0.0269407683632075,0.01905);
#25=ELLIPSE('',#1999,0.0269407683632075,0.01905);
#26=VERTEX_LOOP('',#1072);
#27=VERTEX_LOOP('',#1131);
#28=SHAPE_REPRESENTATION_RELATIONSHIP('','',#1778,#36);
#29=SHAPE_REPRESENTATION_RELATIONSHIP('','',#1779,#37);
#30=SHAPE_REPRESENTATION_RELATIONSHIP('','',#1780,#38);
#31=SHAPE_REPRESENTATION_RELATIONSHIP('','',#1781,#39);
#32=SHAPE_REPRESENTATION_RELATIONSHIP('','',#1782,#40);
#33=SHAPE_REPRESENTATION_RELATIONSHIP('','',#1783,#41);
#34=SHAPE_REPRESENTATION_RELATIONSHIP('','',#1784,#42);
#35=SHAPE_REPRESENTATION_RELATIONSHIP('','',#1785,#43);
#36=ADVANCED_BREP_SHAPE_REPRESENTATION('',(#1762),#3125);
#37=ADVANCED_BREP_SHAPE_REPRESENTATION('',(#1763),#3126);
#38=ADVANCED_BREP_SHAPE_REPRESENTATION('',(#1764),#3127);
#39=ADVANCED_BREP_SHAPE_REPRESENTATION('',(#1765),#3128);
#40=ADVANCED_BREP_SHAPE_REPRESENTATION('',(#1766),#3129);
#41=ADVANCED_BREP_SHAPE_REPRESENTATION('',(#1767),#3130);
#42=ADVANCED_BREP_SHAPE_REPRESENTATION('',(#1768),#3131);
#43=ADVANCED_BREP_SHAPE_REPRESENTATION('',(#1769),#3132);
#44=TOROIDAL_SURFACE('',#1824,0.05715,0.00635);
#45=TOROIDAL_SURFACE('',#1825,0.05715,0.00635);
#46=TOROIDAL_SURFACE('',#1826,0.04445,0.00635);
#47=TOROIDAL_SURFACE('',#1832,0.04445,0.00635);
#48=TOROIDAL_SURFACE('',#1834,0.112093147778611,0.00635);
#49=TOROIDAL_SURFACE('',#1836,0.04445,0.00635);
#50=TOROIDAL_SURFACE('',#1842,0.04445,0.00635);
#51=TOROIDAL_SURFACE('',#1844,0.112093147778611,0.00635);
#52=B_SPLINE_CURVE_WITH_KNOTS('',3,(#2649,#2650,#2651,#2652,#2653,#2654,
#2655,#2656,#2657,#2658,#2659,#2660,#2661,#2662,#2663,#2664,#2665,#2666),
 .UNSPECIFIED.,.F.,.F.,(4,1,1,1,1,1,1,1,1,1,1,1,1,1,1,4),(0.0836632070373881,
0.088473707313962,0.0932842075905359,0.0980947078671098,0.102905208143684,
0.107715708420258,0.112526208696831,0.117336708973405,0.122147209249979,
0.126957709526553,0.131768209803127,0.136578710079701,0.141389210356275,
0.146199710632849,0.151010210909423,0.16063121146257),.UNSPECIFIED.);
#53=B_SPLINE_CURVE_WITH_KNOTS('',3,(#2669,#2670,#2671,#2672,#2673,#2674,
#2675,#2676),.UNSPECIFIED.,.F.,.F.,(4,1,1,1,1,4),(0.,0.00570947512580097,
0.00856421268870146,0.0114189502516019,0.0171284253774029,0.0228379005032039),
 .UNSPECIFIED.);
#54=B_SPLINE_CURVE_WITH_KNOTS('',3,(#2677,#2678,#2679,#2680,#2681,#2682,
#2683,#2684),.UNSPECIFIED.,.F.,.F.,(4,1,1,1,1,4),(0.,0.00570947512580097,
0.00856421268870146,0.0114189502516019,0.0171284253774029,0.0228379005032039),
 .UNSPECIFIED.);
#55=B_SPLINE_CURVE_WITH_KNOTS('',3,(#2686,#2687,#2688,#2689,#2690,#2691,
#2692,#2693,#2694,#2695,#2696,#2697,#2698,#2699,#2700,#2701,#2702,#2703),
 .UNSPECIFIED.,.F.,.F.,(4,1,1,1,1,1,1,1,1,1,1,1,1,1,1,4),(0.205651887129802,
0.215280884814373,0.220095383656659,0.224909882498944,0.22972438134123,
0.234538880183516,0.239353379025801,0.244167877868087,0.248982376710372,
0.253796875552658,0.258611374394944,0.263425873237229,0.268240372079515,
0.273054870921801,0.277869369764086,0.282683868606372),.UNSPECIFIED.);
#56=B_SPLINE_CURVE_WITH_KNOTS('',3,(#2705,#2706,#2707,#2708,#2709,#2710,
#2711,#2712),.UNSPECIFIED.,.F.,.F.,(4,1,1,1,1,4),(0.,0.00570947512580093,
0.00856421268870139,0.0114189502516019,0.0171284253774028,0.0228379005032037),
 .UNSPECIFIED.);
#57=B_SPLINE_CURVE_WITH_KNOTS('',3,(#2714,#2715,#2716,#2717,#2718,#2719,
#2720,#2721),.UNSPECIFIED.,.F.,.F.,(4,1,1,1,1,4),(0.,0.00570947512580094,
0.00856421268870141,0.0114189502516019,0.0171284253774028,0.0228379005032038),
 .UNSPECIFIED.);
#58=B_SPLINE_CURVE_WITH_KNOTS('',3,(#2735,#2736,#2737,#2738,#2739,#2740,
#2741),.UNSPECIFIED.,.F.,.F.,(4,1,1,1,4),(0.,0.00248086327813856,0.00496172655627712,
0.00744258983441568,0.00992345311255424),.UNSPECIFIED.);
#59=B_SPLINE_CURVE_WITH_KNOTS('',3,(#2745,#2746,#2747,#2748,#2749,#2750,
#2751),.UNSPECIFIED.,.F.,.F.,(4,1,1,1,4),(0.,0.00248086327813856,0.00496172655627712,
0.00744258983441568,0.00992345311255424),.UNSPECIFIED.);
#60=B_SPLINE_CURVE_WITH_KNOTS('',3,(#2759,#2760,#2761,#2762,#2763,#2764,
#2765),.UNSPECIFIED.,.F.,.F.,(4,1,1,1,4),(0.,0.00248086327813856,0.00496172655627712,
0.00744258983441569,0.00992345311255425),.UNSPECIFIED.);
#61=B_SPLINE_CURVE_WITH_KNOTS('',3,(#2769,#2770,#2771,#2772,#2773,#2774,
#2775),.UNSPECIFIED.,.F.,.F.,(4,1,1,1,4),(0.,0.00248086327813857,0.00496172655627713,
0.0074425898344157,0.00992345311255427),.UNSPECIFIED.);
#62=CYLINDRICAL_SURFACE('',#1793,0.118443147778611);
#63=CYLINDRICAL_SURFACE('',#1808,0.022225);
#64=CYLINDRICAL_SURFACE('',#1812,0.0508);
#65=CYLINDRICAL_SURFACE('',#1815,0.0508);
#66=CYLINDRICAL_SURFACE('',#1818,0.0381);
#67=CYLINDRICAL_SURFACE('',#1819,0.0635);
#68=CYLINDRICAL_SURFACE('',#1829,0.00635);
#69=CYLINDRICAL_SURFACE('',#1831,0.00635);
#70=CYLINDRICAL_SURFACE('',#1835,0.00635);
#71=CYLINDRICAL_SURFACE('',#1839,0.00635);
#72=CYLINDRICAL_SURFACE('',#1841,0.00635);
#73=CYLINDRICAL_SURFACE('',#1845,0.00635);
#74=CYLINDRICAL_SURFACE('',#1848,0.034417);
#75=CYLINDRICAL_SURFACE('',#1858,0.01905);
#76=CYLINDRICAL_SURFACE('',#1867,0.01905);
#77=CYLINDRICAL_SURFACE('',#1869,0.01905);
#78=CYLINDRICAL_SURFACE('',#1871,0.01905);
#79=CYLINDRICAL_SURFACE('',#1874,0.01905);
#80=CYLINDRICAL_SURFACE('',#1876,0.01905);
#81=CYLINDRICAL_SURFACE('',#1878,0.01905);
#82=CYLINDRICAL_SURFACE('',#1889,0.01905);
#83=CYLINDRICAL_SURFACE('',#1891,0.01905);
#84=CYLINDRICAL_SURFACE('',#1893,0.01905);
#85=CYLINDRICAL_SURFACE('',#1895,0.01905);
#86=CYLINDRICAL_SURFACE('',#1901,0.01905);
#87=CYLINDRICAL_SURFACE('',#1911,0.01905);
#88=CYLINDRICAL_SURFACE('',#1920,0.01905);
#89=CYLINDRICAL_SURFACE('',#1922,0.01905);
#90=CYLINDRICAL_SURFACE('',#1924,0.01905);
#91=CYLINDRICAL_SURFACE('',#1927,0.01905);
#92=CYLINDRICAL_SURFACE('',#1929,0.01905);
#93=CYLINDRICAL_SURFACE('',#1931,0.01905);
#94=CYLINDRICAL_SURFACE('',#1942,0.01905);
#95=CYLINDRICAL_SURFACE('',#1944,0.01905);
#96=CYLINDRICAL_SURFACE('',#1946,0.01905);
#97=CYLINDRICAL_SURFACE('',#1948,0.01905);
#98=CYLINDRICAL_SURFACE('',#1954,0.01905);
#99=CYLINDRICAL_SURFACE('',#1962,0.01905);
#100=CYLINDRICAL_SURFACE('',#1965,0.01905);
#101=CYLINDRICAL_SURFACE('',#1967,0.01905);
#102=CYLINDRICAL_SURFACE('',#1969,0.01905);
#103=CYLINDRICAL_SURFACE('',#1970,0.01905);
#104=CYLINDRICAL_SURFACE('',#1973,0.01905);
#105=CYLINDRICAL_SURFACE('',#1975,0.01905);
#106=CYLINDRICAL_SURFACE('',#1977,0.01905);
#107=CYLINDRICAL_SURFACE('',#1985,0.01905);
#108=CYLINDRICAL_SURFACE('',#1988,0.01905);
#109=CYLINDRICAL_SURFACE('',#1990,0.01905);
#110=CYLINDRICAL_SURFACE('',#1992,0.01905);
#111=CYLINDRICAL_SURFACE('',#1993,0.01905);
#112=CYLINDRICAL_SURFACE('',#1996,0.01905);
#113=CYLINDRICAL_SURFACE('',#1998,0.01905);
#114=CYLINDRICAL_SURFACE('',#2000,0.01905);
#115=CYLINDRICAL_SURFACE('',#2002,0.01905);
#116=SPHERICAL_SURFACE('',#1790,0.0254);
#117=SPHERICAL_SURFACE('',#1807,0.0254);
#118=SPHERICAL_SURFACE('',#1846,0.022225);
#119=SPHERICAL_SURFACE('',#1861,0.01905);
#120=SPHERICAL_SURFACE('',#1864,0.01905);
#121=SPHERICAL_SURFACE('',#1881,0.01905);
#122=SPHERICAL_SURFACE('',#1883,0.01905);
#123=SPHERICAL_SURFACE('',#1885,0.01905);
#124=SPHERICAL_SURFACE('',#1887,0.01905);
#125=SPHERICAL_SURFACE('',#1897,0.01905);
#126=SPHERICAL_SURFACE('',#1899,0.01905);
#127=SPHERICAL_SURFACE('',#1903,0.0127);
#128=SPHERICAL_SURFACE('',#1914,0.01905);
#129=SPHERICAL_SURFACE('',#1917,0.01905);
#130=SPHERICAL_SURFACE('',#1934,0.01905);
#131=SPHERICAL_SURFACE('',#1936,0.01905);
#132=SPHERICAL_SURFACE('',#1938,0.01905);
#133=SPHERICAL_SURFACE('',#1940,0.01905);
#134=SPHERICAL_SURFACE('',#1950,0.01905);
#135=SPHERICAL_SURFACE('',#1952,0.01905);
#136=SPHERICAL_SURFACE('',#2006,0.01905);
#137=SPHERICAL_SURFACE('',#2008,0.0127);
#138=LINE('',#2569,#248);
#139=LINE('',#2579,#249);
#140=LINE('',#2584,#250);
#141=LINE('',#2588,#251);
#142=LINE('',#2593,#252);
#143=LINE('',#2597,#253);
#144=LINE('',#2601,#254);
#145=LINE('',#2606,#255);
#146=LINE('',#2610,#256);
#147=LINE('',#2614,#257);
#148=LINE('',#2617,#258);
#149=LINE('',#2618,#259);
#150=LINE('',#2622,#260);
#151=LINE('',#2624,#261);
#152=LINE('',#2626,#262);
#153=LINE('',#2634,#263);
#154=LINE('',#2637,#264);
#155=LINE('',#2639,#265);
#156=LINE('',#2641,#266);
#157=LINE('',#2779,#267);
#158=LINE('',#2781,#268);
#159=LINE('',#2783,#269);
#160=LINE('',#2789,#270);
#161=LINE('',#2792,#271);
#162=LINE('',#2794,#272);
#163=LINE('',#2796,#273);
#164=LINE('',#2798,#274);
#165=LINE('',#2801,#275);
#166=LINE('',#2803,#276);
#167=LINE('',#2805,#277);
#168=LINE('',#2807,#278);
#169=LINE('',#2810,#279);
#170=LINE('',#2812,#280);
#171=LINE('',#2814,#281);
#172=LINE('',#2816,#282);
#173=LINE('',#2819,#283);
#174=LINE('',#2821,#284);
#175=LINE('',#2823,#285);
#176=LINE('',#2825,#286);
#177=LINE('',#2828,#287);
#178=LINE('',#2830,#288);
#179=LINE('',#2832,#289);
#180=LINE('',#2834,#290);
#181=LINE('',#2837,#291);
#182=LINE('',#2839,#292);
#183=LINE('',#2841,#293);
#184=LINE('',#2891,#294);
#185=LINE('',#2894,#295);
#186=LINE('',#2896,#296);
#187=LINE('',#2898,#297);
#188=LINE('',#2900,#298);
#189=LINE('',#2903,#299);
#190=LINE('',#2905,#300);
#191=LINE('',#2907,#301);
#192=LINE('',#2909,#302);
#193=LINE('',#2912,#303);
#194=LINE('',#2914,#304);
#195=LINE('',#2916,#305);
#196=LINE('',#2918,#306);
#197=LINE('',#2921,#307);
#198=LINE('',#2923,#308);
#199=LINE('',#2925,#309);
#200=LINE('',#2927,#310);
#201=LINE('',#2930,#311);
#202=LINE('',#2932,#312);
#203=LINE('',#2934,#313);
#204=LINE('',#2936,#314);
#205=LINE('',#2939,#315);
#206=LINE('',#2941,#316);
#207=LINE('',#2943,#317);
#208=LINE('',#2990,#318);
#209=LINE('',#2993,#319);
#210=LINE('',#2995,#320);
#211=LINE('',#2997,#321);
#212=LINE('',#2999,#322);
#213=LINE('',#3002,#323);
#214=LINE('',#3003,#324);
#215=LINE('',#3005,#325);
#216=LINE('',#3008,#326);
#217=LINE('',#3009,#327);
#218=LINE('',#3011,#328);
#219=LINE('',#3012,#329);
#220=LINE('',#3014,#330);
#221=LINE('',#3017,#331);
#222=LINE('',#3019,#332);
#223=LINE('',#3021,#333);
#224=LINE('',#3023,#334);
#225=LINE('',#3026,#335);
#226=LINE('',#3028,#336);
#227=LINE('',#3030,#337);
#228=LINE('',#3049,#338);
#229=LINE('',#3052,#339);
#230=LINE('',#3054,#340);
#231=LINE('',#3056,#341);
#232=LINE('',#3058,#342);
#233=LINE('',#3061,#343);
#234=LINE('',#3062,#344);
#235=LINE('',#3064,#345);
#236=LINE('',#3067,#346);
#237=LINE('',#3068,#347);
#238=LINE('',#3070,#348);
#239=LINE('',#3071,#349);
#240=LINE('',#3073,#350);
#241=LINE('',#3076,#351);
#242=LINE('',#3078,#352);
#243=LINE('',#3080,#353);
#244=LINE('',#3082,#354);
#245=LINE('',#3085,#355);
#246=LINE('',#3087,#356);
#247=LINE('',#3089,#357);
#248=VECTOR('',#2015,1.);
#249=VECTOR('',#2026,1.);
#250=VECTOR('',#2029,1.);
#251=VECTOR('',#2034,1.);
#252=VECTOR('',#2037,1.);
#253=VECTOR('',#2040,1.);
#254=VECTOR('',#2045,1.);
#255=VECTOR('',#2048,1.);
#256=VECTOR('',#2051,1.);
#257=VECTOR('',#2056,1.);
#258=VECTOR('',#2057,1.);
#259=VECTOR('',#2058,1.);
#260=VECTOR('',#2063,1.);
#261=VECTOR('',#2064,1.);
#262=VECTOR('',#2065,1.);
#263=VECTOR('',#2076,1.);
#264=VECTOR('',#2077,1.);
#265=VECTOR('',#2078,1.);
#266=VECTOR('',#2079,1.);
#267=VECTOR('',#2152,1.);
#268=VECTOR('',#2153,1.);
#269=VECTOR('',#2154,1.);
#270=VECTOR('',#2165,1.);
#271=VECTOR('',#2166,1.);
#272=VECTOR('',#2167,1.);
#273=VECTOR('',#2168,1.);
#274=VECTOR('',#2171,1.);
#275=VECTOR('',#2172,1.);
#276=VECTOR('',#2173,1.);
#277=VECTOR('',#2174,1.);
#278=VECTOR('',#2177,1.);
#279=VECTOR('',#2178,1.);
#280=VECTOR('',#2179,1.);
#281=VECTOR('',#2180,1.);
#282=VECTOR('',#2183,1.);
#283=VECTOR('',#2184,1.);
#284=VECTOR('',#2185,1.);
#285=VECTOR('',#2186,1.);
#286=VECTOR('',#2189,1.);
#287=VECTOR('',#2190,1.);
#288=VECTOR('',#2191,1.);
#289=VECTOR('',#2192,1.);
#290=VECTOR('',#2195,1.);
#291=VECTOR('',#2196,1.);
#292=VECTOR('',#2197,1.);
#293=VECTOR('',#2198,1.);
#294=VECTOR('',#2295,1.);
#295=VECTOR('',#2296,1.);
#296=VECTOR('',#2297,1.);
#297=VECTOR('',#2298,1.);
#298=VECTOR('',#2301,1.);
#299=VECTOR('',#2302,1.);
#300=VECTOR('',#2303,1.);
#301=VECTOR('',#2304,1.);
#302=VECTOR('',#2307,1.);
#303=VECTOR('',#2308,1.);
#304=VECTOR('',#2309,1.);
#305=VECTOR('',#2310,1.);
#306=VECTOR('',#2313,1.);
#307=VECTOR('',#2314,1.);
#308=VECTOR('',#2315,1.);
#309=VECTOR('',#2316,1.);
#310=VECTOR('',#2319,1.);
#311=VECTOR('',#2320,1.);
#312=VECTOR('',#2321,1.);
#313=VECTOR('',#2322,1.);
#314=VECTOR('',#2325,1.);
#315=VECTOR('',#2326,1.);
#316=VECTOR('',#2327,1.);
#317=VECTOR('',#2328,1.);
#318=VECTOR('',#2421,1.);
#319=VECTOR('',#2422,1.);
#320=VECTOR('',#2423,1.);
#321=VECTOR('',#2424,1.);
#322=VECTOR('',#2427,1.);
#323=VECTOR('',#2428,1.);
#324=VECTOR('',#2429,1.);
#325=VECTOR('',#2432,1.);
#326=VECTOR('',#2433,1.);
#327=VECTOR('',#2434,1.);
#328=VECTOR('',#2437,1.);
#329=VECTOR('',#2438,1.);
#330=VECTOR('',#2441,1.);
#331=VECTOR('',#2442,1.);
#332=VECTOR('',#2443,1.);
#333=VECTOR('',#2444,1.);
#334=VECTOR('',#2447,1.);
#335=VECTOR('',#2448,1.);
#336=VECTOR('',#2449,1.);
#337=VECTOR('',#2450,1.);
#338=VECTOR('',#2487,1.);
#339=VECTOR('',#2488,1.);
#340=VECTOR('',#2489,1.);
#341=VECTOR('',#2490,1.);
#342=VECTOR('',#2493,1.);
#343=VECTOR('',#2494,1.);
#344=VECTOR('',#2495,1.);
#345=VECTOR('',#2498,1.);
#346=VECTOR('',#2499,1.);
#347=VECTOR('',#2500,1.);
#348=VECTOR('',#2503,1.);
#349=VECTOR('',#2504,1.);
#350=VECTOR('',#2507,1.);
#351=VECTOR('',#2508,1.);
#352=VECTOR('',#2509,1.);
#353=VECTOR('',#2510,1.);
#354=VECTOR('',#2513,1.);
#355=VECTOR('',#2514,1.);
#356=VECTOR('',#2515,1.);
#357=VECTOR('',#2516,1.);
#358=ORIENTED_EDGE('',*,*,#792,.T.);
#359=ORIENTED_EDGE('',*,*,#793,.T.);
#360=ORIENTED_EDGE('',*,*,#794,.F.);
#361=ORIENTED_EDGE('',*,*,#795,.F.);
#362=ORIENTED_EDGE('',*,*,#796,.F.);
#363=ORIENTED_EDGE('',*,*,#797,.T.);
#364=ORIENTED_EDGE('',*,*,#798,.T.);
#365=ORIENTED_EDGE('',*,*,#799,.F.);
#366=ORIENTED_EDGE('',*,*,#800,.T.);
#367=ORIENTED_EDGE('',*,*,#801,.T.);
#368=ORIENTED_EDGE('',*,*,#802,.T.);
#369=ORIENTED_EDGE('',*,*,#803,.T.);
#370=ORIENTED_EDGE('',*,*,#804,.T.);
#371=ORIENTED_EDGE('',*,*,#805,.T.);
#372=ORIENTED_EDGE('',*,*,#806,.T.);
#373=ORIENTED_EDGE('',*,*,#807,.T.);
#374=ORIENTED_EDGE('',*,*,#808,.T.);
#375=ORIENTED_EDGE('',*,*,#809,.T.);
#376=ORIENTED_EDGE('',*,*,#810,.T.);
#377=ORIENTED_EDGE('',*,*,#811,.T.);
#378=ORIENTED_EDGE('',*,*,#812,.T.);
#379=ORIENTED_EDGE('',*,*,#795,.T.);
#380=ORIENTED_EDGE('',*,*,#813,.T.);
#381=ORIENTED_EDGE('',*,*,#814,.T.);
#382=ORIENTED_EDGE('',*,*,#797,.F.);
#383=ORIENTED_EDGE('',*,*,#815,.T.);
#384=ORIENTED_EDGE('',*,*,#816,.T.);
#385=ORIENTED_EDGE('',*,*,#799,.T.);
#386=ORIENTED_EDGE('',*,*,#817,.T.);
#387=ORIENTED_EDGE('',*,*,#818,.T.);
#388=ORIENTED_EDGE('',*,*,#819,.T.);
#389=ORIENTED_EDGE('',*,*,#816,.F.);
#390=ORIENTED_EDGE('',*,*,#820,.T.);
#391=ORIENTED_EDGE('',*,*,#796,.T.);
#392=ORIENTED_EDGE('',*,*,#821,.F.);
#393=ORIENTED_EDGE('',*,*,#822,.T.);
#394=ORIENTED_EDGE('',*,*,#823,.T.);
#395=ORIENTED_EDGE('',*,*,#824,.T.);
#396=ORIENTED_EDGE('',*,*,#825,.T.);
#397=ORIENTED_EDGE('',*,*,#818,.F.);
#398=ORIENTED_EDGE('',*,*,#826,.T.);
#399=ORIENTED_EDGE('',*,*,#822,.F.);
#400=ORIENTED_EDGE('',*,*,#827,.T.);
#401=ORIENTED_EDGE('',*,*,#824,.F.);
#402=ORIENTED_EDGE('',*,*,#828,.T.);
#403=ORIENTED_EDGE('',*,*,#813,.F.);
#404=ORIENTED_EDGE('',*,*,#829,.T.);
#405=ORIENTED_EDGE('',*,*,#830,.T.);
#406=ORIENTED_EDGE('',*,*,#831,.T.);
#407=ORIENTED_EDGE('',*,*,#832,.T.);
#408=ORIENTED_EDGE('',*,*,#833,.T.);
#409=ORIENTED_EDGE('',*,*,#834,.T.);
#410=ORIENTED_EDGE('',*,*,#835,.T.);
#411=ORIENTED_EDGE('',*,*,#821,.T.);
#412=ORIENTED_EDGE('',*,*,#830,.F.);
#413=ORIENTED_EDGE('',*,*,#836,.T.);
#414=ORIENTED_EDGE('',*,*,#833,.F.);
#415=ORIENTED_EDGE('',*,*,#837,.T.);
#416=ORIENTED_EDGE('',*,*,#838,.T.);
#417=ORIENTED_EDGE('',*,*,#835,.F.);
#418=ORIENTED_EDGE('',*,*,#838,.F.);
#419=ORIENTED_EDGE('',*,*,#834,.F.);
#420=ORIENTED_EDGE('',*,*,#836,.F.);
#421=ORIENTED_EDGE('',*,*,#831,.F.);
#422=ORIENTED_EDGE('',*,*,#837,.F.);
#423=ORIENTED_EDGE('',*,*,#832,.F.);
#424=ORIENTED_EDGE('',*,*,#792,.F.);
#425=ORIENTED_EDGE('',*,*,#839,.F.);
#426=ORIENTED_EDGE('',*,*,#810,.F.);
#427=ORIENTED_EDGE('',*,*,#840,.F.);
#428=ORIENTED_EDGE('',*,*,#826,.F.);
#429=ORIENTED_EDGE('',*,*,#840,.T.);
#430=ORIENTED_EDGE('',*,*,#809,.F.);
#431=ORIENTED_EDGE('',*,*,#841,.F.);
#432=ORIENTED_EDGE('',*,*,#823,.F.);
#433=ORIENTED_EDGE('',*,*,#839,.T.);
#434=ORIENTED_EDGE('',*,*,#817,.F.);
#435=ORIENTED_EDGE('',*,*,#842,.F.);
#436=ORIENTED_EDGE('',*,*,#811,.F.);
#437=ORIENTED_EDGE('',*,*,#841,.T.);
#438=ORIENTED_EDGE('',*,*,#808,.F.);
#439=ORIENTED_EDGE('',*,*,#843,.F.);
#440=ORIENTED_EDGE('',*,*,#828,.F.);
#441=ORIENTED_EDGE('',*,*,#842,.T.);
#442=ORIENTED_EDGE('',*,*,#798,.F.);
#443=ORIENTED_EDGE('',*,*,#844,.F.);
#444=ORIENTED_EDGE('',*,*,#812,.F.);
#445=ORIENTED_EDGE('',*,*,#843,.T.);
#446=ORIENTED_EDGE('',*,*,#807,.F.);
#447=ORIENTED_EDGE('',*,*,#844,.T.);
#448=ORIENTED_EDGE('',*,*,#814,.F.);
#449=ORIENTED_EDGE('',*,*,#845,.F.);
#450=ORIENTED_EDGE('',*,*,#802,.F.);
#451=ORIENTED_EDGE('',*,*,#846,.F.);
#452=ORIENTED_EDGE('',*,*,#829,.F.);
#453=ORIENTED_EDGE('',*,*,#846,.T.);
#454=ORIENTED_EDGE('',*,*,#801,.F.);
#455=ORIENTED_EDGE('',*,*,#847,.F.);
#456=ORIENTED_EDGE('',*,*,#825,.F.);
#457=ORIENTED_EDGE('',*,*,#845,.T.);
#458=ORIENTED_EDGE('',*,*,#815,.F.);
#459=ORIENTED_EDGE('',*,*,#848,.F.);
#460=ORIENTED_EDGE('',*,*,#803,.F.);
#461=ORIENTED_EDGE('',*,*,#847,.T.);
#462=ORIENTED_EDGE('',*,*,#806,.F.);
#463=ORIENTED_EDGE('',*,*,#849,.F.);
#464=ORIENTED_EDGE('',*,*,#827,.F.);
#465=ORIENTED_EDGE('',*,*,#848,.T.);
#466=ORIENTED_EDGE('',*,*,#800,.F.);
#467=ORIENTED_EDGE('',*,*,#850,.F.);
#468=ORIENTED_EDGE('',*,*,#804,.F.);
#469=ORIENTED_EDGE('',*,*,#849,.T.);
#470=ORIENTED_EDGE('',*,*,#805,.F.);
#471=ORIENTED_EDGE('',*,*,#850,.T.);
#472=ORIENTED_EDGE('',*,*,#819,.F.);
#473=ORIENTED_EDGE('',*,*,#820,.F.);
#474=ORIENTED_EDGE('',*,*,#793,.F.);
#475=ORIENTED_EDGE('',*,*,#851,.F.);
#476=ORIENTED_EDGE('',*,*,#852,.T.);
#477=ORIENTED_EDGE('',*,*,#853,.T.);
#478=ORIENTED_EDGE('',*,*,#794,.T.);
#479=ORIENTED_EDGE('',*,*,#853,.F.);
#480=ORIENTED_EDGE('',*,*,#854,.F.);
#481=ORIENTED_EDGE('',*,*,#851,.T.);
#482=ORIENTED_EDGE('',*,*,#852,.F.);
#483=ORIENTED_EDGE('',*,*,#854,.T.);
#484=ORIENTED_EDGE('',*,*,#855,.T.);
#485=ORIENTED_EDGE('',*,*,#856,.T.);
#486=ORIENTED_EDGE('',*,*,#857,.T.);
#487=ORIENTED_EDGE('',*,*,#858,.T.);
#488=ORIENTED_EDGE('',*,*,#859,.T.);
#489=ORIENTED_EDGE('',*,*,#860,.T.);
#490=ORIENTED_EDGE('',*,*,#861,.T.);
#491=ORIENTED_EDGE('',*,*,#862,.T.);
#492=ORIENTED_EDGE('',*,*,#863,.T.);
#493=ORIENTED_EDGE('',*,*,#864,.T.);
#494=ORIENTED_EDGE('',*,*,#865,.T.);
#495=ORIENTED_EDGE('',*,*,#866,.T.);
#496=ORIENTED_EDGE('',*,*,#867,.T.);
#497=ORIENTED_EDGE('',*,*,#868,.T.);
#498=ORIENTED_EDGE('',*,*,#869,.T.);
#499=ORIENTED_EDGE('',*,*,#870,.T.);
#500=ORIENTED_EDGE('',*,*,#871,.T.);
#501=ORIENTED_EDGE('',*,*,#872,.T.);
#502=ORIENTED_EDGE('',*,*,#873,.T.);
#503=ORIENTED_EDGE('',*,*,#874,.T.);
#504=ORIENTED_EDGE('',*,*,#875,.T.);
#505=ORIENTED_EDGE('',*,*,#876,.T.);
#506=ORIENTED_EDGE('',*,*,#877,.T.);
#507=ORIENTED_EDGE('',*,*,#878,.T.);
#508=ORIENTED_EDGE('',*,*,#879,.F.);
#509=ORIENTED_EDGE('',*,*,#865,.F.);
#510=ORIENTED_EDGE('',*,*,#880,.F.);
#511=ORIENTED_EDGE('',*,*,#878,.F.);
#512=ORIENTED_EDGE('',*,*,#881,.F.);
#513=ORIENTED_EDGE('',*,*,#879,.T.);
#514=ORIENTED_EDGE('',*,*,#882,.F.);
#515=ORIENTED_EDGE('',*,*,#883,.F.);
#516=ORIENTED_EDGE('',*,*,#880,.T.);
#517=ORIENTED_EDGE('',*,*,#884,.F.);
#518=ORIENTED_EDGE('',*,*,#882,.T.);
#519=ORIENTED_EDGE('',*,*,#877,.F.);
#520=ORIENTED_EDGE('',*,*,#885,.F.);
#521=ORIENTED_EDGE('',*,*,#867,.F.);
#522=ORIENTED_EDGE('',*,*,#881,.T.);
#523=ORIENTED_EDGE('',*,*,#870,.F.);
#524=ORIENTED_EDGE('',*,*,#886,.F.);
#525=ORIENTED_EDGE('',*,*,#866,.F.);
#526=ORIENTED_EDGE('',*,*,#887,.F.);
#527=ORIENTED_EDGE('',*,*,#863,.F.);
#528=ORIENTED_EDGE('',*,*,#888,.F.);
#529=ORIENTED_EDGE('',*,*,#874,.F.);
#530=ORIENTED_EDGE('',*,*,#884,.T.);
#531=ORIENTED_EDGE('',*,*,#864,.F.);
#532=ORIENTED_EDGE('',*,*,#889,.F.);
#533=ORIENTED_EDGE('',*,*,#862,.F.);
#534=ORIENTED_EDGE('',*,*,#883,.T.);
#535=ORIENTED_EDGE('',*,*,#861,.F.);
#536=ORIENTED_EDGE('',*,*,#890,.F.);
#537=ORIENTED_EDGE('',*,*,#875,.F.);
#538=ORIENTED_EDGE('',*,*,#891,.F.);
#539=ORIENTED_EDGE('',*,*,#876,.F.);
#540=ORIENTED_EDGE('',*,*,#892,.F.);
#541=ORIENTED_EDGE('',*,*,#855,.F.);
#542=ORIENTED_EDGE('',*,*,#885,.T.);
#543=ORIENTED_EDGE('',*,*,#891,.T.);
#544=ORIENTED_EDGE('',*,*,#893,.F.);
#545=ORIENTED_EDGE('',*,*,#888,.T.);
#546=ORIENTED_EDGE('',*,*,#886,.T.);
#547=ORIENTED_EDGE('',*,*,#894,.F.);
#548=ORIENTED_EDGE('',*,*,#889,.T.);
#549=ORIENTED_EDGE('',*,*,#887,.T.);
#550=ORIENTED_EDGE('',*,*,#895,.F.);
#551=ORIENTED_EDGE('',*,*,#892,.T.);
#552=ORIENTED_EDGE('',*,*,#890,.T.);
#553=ORIENTED_EDGE('',*,*,#896,.F.);
#554=ORIENTED_EDGE('',*,*,#893,.T.);
#555=ORIENTED_EDGE('',*,*,#858,.F.);
#556=ORIENTED_EDGE('',*,*,#897,.F.);
#557=ORIENTED_EDGE('',*,*,#868,.F.);
#558=ORIENTED_EDGE('',*,*,#894,.T.);
#559=ORIENTED_EDGE('',*,*,#869,.F.);
#560=ORIENTED_EDGE('',*,*,#898,.F.);
#561=ORIENTED_EDGE('',*,*,#871,.F.);
#562=ORIENTED_EDGE('',*,*,#895,.T.);
#563=ORIENTED_EDGE('',*,*,#873,.F.);
#564=ORIENTED_EDGE('',*,*,#899,.F.);
#565=ORIENTED_EDGE('',*,*,#859,.F.);
#566=ORIENTED_EDGE('',*,*,#896,.T.);
#567=ORIENTED_EDGE('',*,*,#860,.F.);
#568=ORIENTED_EDGE('',*,*,#900,.F.);
#569=ORIENTED_EDGE('',*,*,#856,.F.);
#570=ORIENTED_EDGE('',*,*,#898,.T.);
#571=ORIENTED_EDGE('',*,*,#897,.T.);
#572=ORIENTED_EDGE('',*,*,#901,.F.);
#573=ORIENTED_EDGE('',*,*,#900,.T.);
#574=ORIENTED_EDGE('',*,*,#899,.T.);
#575=ORIENTED_EDGE('',*,*,#902,.F.);
#576=ORIENTED_EDGE('',*,*,#901,.T.);
#577=ORIENTED_EDGE('',*,*,#857,.F.);
#578=ORIENTED_EDGE('',*,*,#902,.T.);
#579=ORIENTED_EDGE('',*,*,#872,.F.);
#580=ORIENTED_EDGE('',*,*,#903,.T.);
#581=ORIENTED_EDGE('',*,*,#904,.T.);
#582=ORIENTED_EDGE('',*,*,#905,.T.);
#583=ORIENTED_EDGE('',*,*,#906,.T.);
#584=ORIENTED_EDGE('',*,*,#907,.T.);
#585=ORIENTED_EDGE('',*,*,#908,.T.);
#586=ORIENTED_EDGE('',*,*,#909,.T.);
#587=ORIENTED_EDGE('',*,*,#910,.T.);
#588=ORIENTED_EDGE('',*,*,#911,.T.);
#589=ORIENTED_EDGE('',*,*,#912,.T.);
#590=ORIENTED_EDGE('',*,*,#913,.T.);
#591=ORIENTED_EDGE('',*,*,#914,.T.);
#592=ORIENTED_EDGE('',*,*,#915,.T.);
#593=ORIENTED_EDGE('',*,*,#916,.T.);
#594=ORIENTED_EDGE('',*,*,#917,.T.);
#595=ORIENTED_EDGE('',*,*,#918,.T.);
#596=ORIENTED_EDGE('',*,*,#919,.T.);
#597=ORIENTED_EDGE('',*,*,#920,.T.);
#598=ORIENTED_EDGE('',*,*,#921,.T.);
#599=ORIENTED_EDGE('',*,*,#922,.T.);
#600=ORIENTED_EDGE('',*,*,#923,.T.);
#601=ORIENTED_EDGE('',*,*,#924,.T.);
#602=ORIENTED_EDGE('',*,*,#925,.T.);
#603=ORIENTED_EDGE('',*,*,#926,.T.);
#604=ORIENTED_EDGE('',*,*,#927,.F.);
#605=ORIENTED_EDGE('',*,*,#903,.F.);
#606=ORIENTED_EDGE('',*,*,#928,.F.);
#607=ORIENTED_EDGE('',*,*,#926,.F.);
#608=ORIENTED_EDGE('',*,*,#929,.F.);
#609=ORIENTED_EDGE('',*,*,#927,.T.);
#610=ORIENTED_EDGE('',*,*,#930,.F.);
#611=ORIENTED_EDGE('',*,*,#931,.F.);
#612=ORIENTED_EDGE('',*,*,#928,.T.);
#613=ORIENTED_EDGE('',*,*,#932,.F.);
#614=ORIENTED_EDGE('',*,*,#930,.T.);
#615=ORIENTED_EDGE('',*,*,#925,.F.);
#616=ORIENTED_EDGE('',*,*,#933,.F.);
#617=ORIENTED_EDGE('',*,*,#907,.F.);
#618=ORIENTED_EDGE('',*,*,#929,.T.);
#619=ORIENTED_EDGE('',*,*,#910,.F.);
#620=ORIENTED_EDGE('',*,*,#934,.F.);
#621=ORIENTED_EDGE('',*,*,#904,.F.);
#622=ORIENTED_EDGE('',*,*,#935,.F.);
#623=ORIENTED_EDGE('',*,*,#905,.F.);
#624=ORIENTED_EDGE('',*,*,#936,.F.);
#625=ORIENTED_EDGE('',*,*,#922,.F.);
#626=ORIENTED_EDGE('',*,*,#932,.T.);
#627=ORIENTED_EDGE('',*,*,#906,.F.);
#628=ORIENTED_EDGE('',*,*,#937,.F.);
#629=ORIENTED_EDGE('',*,*,#916,.F.);
#630=ORIENTED_EDGE('',*,*,#931,.T.);
#631=ORIENTED_EDGE('',*,*,#915,.F.);
#632=ORIENTED_EDGE('',*,*,#938,.F.);
#633=ORIENTED_EDGE('',*,*,#923,.F.);
#634=ORIENTED_EDGE('',*,*,#939,.F.);
#635=ORIENTED_EDGE('',*,*,#924,.F.);
#636=ORIENTED_EDGE('',*,*,#940,.F.);
#637=ORIENTED_EDGE('',*,*,#913,.F.);
#638=ORIENTED_EDGE('',*,*,#933,.T.);
#639=ORIENTED_EDGE('',*,*,#939,.T.);
#640=ORIENTED_EDGE('',*,*,#941,.F.);
#641=ORIENTED_EDGE('',*,*,#936,.T.);
#642=ORIENTED_EDGE('',*,*,#934,.T.);
#643=ORIENTED_EDGE('',*,*,#942,.F.);
#644=ORIENTED_EDGE('',*,*,#937,.T.);
#645=ORIENTED_EDGE('',*,*,#935,.T.);
#646=ORIENTED_EDGE('',*,*,#943,.F.);
#647=ORIENTED_EDGE('',*,*,#940,.T.);
#648=ORIENTED_EDGE('',*,*,#938,.T.);
#649=ORIENTED_EDGE('',*,*,#944,.F.);
#650=ORIENTED_EDGE('',*,*,#941,.T.);
#651=ORIENTED_EDGE('',*,*,#912,.F.);
#652=ORIENTED_EDGE('',*,*,#945,.F.);
#653=ORIENTED_EDGE('',*,*,#908,.F.);
#654=ORIENTED_EDGE('',*,*,#942,.T.);
#655=ORIENTED_EDGE('',*,*,#909,.F.);
#656=ORIENTED_EDGE('',*,*,#946,.F.);
#657=ORIENTED_EDGE('',*,*,#919,.F.);
#658=ORIENTED_EDGE('',*,*,#943,.T.);
#659=ORIENTED_EDGE('',*,*,#921,.F.);
#660=ORIENTED_EDGE('',*,*,#947,.F.);
#661=ORIENTED_EDGE('',*,*,#917,.F.);
#662=ORIENTED_EDGE('',*,*,#944,.T.);
#663=ORIENTED_EDGE('',*,*,#918,.F.);
#664=ORIENTED_EDGE('',*,*,#948,.F.);
#665=ORIENTED_EDGE('',*,*,#914,.F.);
#666=ORIENTED_EDGE('',*,*,#946,.T.);
#667=ORIENTED_EDGE('',*,*,#945,.T.);
#668=ORIENTED_EDGE('',*,*,#949,.F.);
#669=ORIENTED_EDGE('',*,*,#948,.T.);
#670=ORIENTED_EDGE('',*,*,#947,.T.);
#671=ORIENTED_EDGE('',*,*,#950,.F.);
#672=ORIENTED_EDGE('',*,*,#949,.T.);
#673=ORIENTED_EDGE('',*,*,#911,.F.);
#674=ORIENTED_EDGE('',*,*,#950,.T.);
#675=ORIENTED_EDGE('',*,*,#920,.F.);
#676=ORIENTED_EDGE('',*,*,#951,.F.);
#677=ORIENTED_EDGE('',*,*,#952,.T.);
#678=ORIENTED_EDGE('',*,*,#953,.T.);
#679=ORIENTED_EDGE('',*,*,#954,.T.);
#680=ORIENTED_EDGE('',*,*,#955,.F.);
#681=ORIENTED_EDGE('',*,*,#956,.T.);
#682=ORIENTED_EDGE('',*,*,#951,.T.);
#683=ORIENTED_EDGE('',*,*,#957,.T.);
#684=ORIENTED_EDGE('',*,*,#958,.F.);
#685=ORIENTED_EDGE('',*,*,#959,.T.);
#686=ORIENTED_EDGE('',*,*,#955,.T.);
#687=ORIENTED_EDGE('',*,*,#960,.T.);
#688=ORIENTED_EDGE('',*,*,#953,.F.);
#689=ORIENTED_EDGE('',*,*,#961,.T.);
#690=ORIENTED_EDGE('',*,*,#958,.T.);
#691=ORIENTED_EDGE('',*,*,#962,.T.);
#692=ORIENTED_EDGE('',*,*,#963,.T.);
#693=ORIENTED_EDGE('',*,*,#964,.T.);
#694=ORIENTED_EDGE('',*,*,#965,.T.);
#695=ORIENTED_EDGE('',*,*,#966,.T.);
#696=ORIENTED_EDGE('',*,*,#967,.T.);
#697=ORIENTED_EDGE('',*,*,#968,.T.);
#698=ORIENTED_EDGE('',*,*,#969,.T.);
#699=ORIENTED_EDGE('',*,*,#970,.T.);
#700=ORIENTED_EDGE('',*,*,#971,.F.);
#701=ORIENTED_EDGE('',*,*,#952,.F.);
#702=ORIENTED_EDGE('',*,*,#972,.F.);
#703=ORIENTED_EDGE('',*,*,#965,.F.);
#704=ORIENTED_EDGE('',*,*,#972,.T.);
#705=ORIENTED_EDGE('',*,*,#956,.F.);
#706=ORIENTED_EDGE('',*,*,#973,.F.);
#707=ORIENTED_EDGE('',*,*,#966,.F.);
#708=ORIENTED_EDGE('',*,*,#971,.T.);
#709=ORIENTED_EDGE('',*,*,#964,.F.);
#710=ORIENTED_EDGE('',*,*,#974,.F.);
#711=ORIENTED_EDGE('',*,*,#961,.F.);
#712=ORIENTED_EDGE('',*,*,#973,.T.);
#713=ORIENTED_EDGE('',*,*,#959,.F.);
#714=ORIENTED_EDGE('',*,*,#974,.T.);
#715=ORIENTED_EDGE('',*,*,#963,.F.);
#716=ORIENTED_EDGE('',*,*,#975,.F.);
#717=ORIENTED_EDGE('',*,*,#967,.F.);
#718=ORIENTED_EDGE('',*,*,#976,.F.);
#719=ORIENTED_EDGE('',*,*,#954,.F.);
#720=ORIENTED_EDGE('',*,*,#976,.T.);
#721=ORIENTED_EDGE('',*,*,#970,.F.);
#722=ORIENTED_EDGE('',*,*,#977,.F.);
#723=ORIENTED_EDGE('',*,*,#957,.F.);
#724=ORIENTED_EDGE('',*,*,#975,.T.);
#725=ORIENTED_EDGE('',*,*,#962,.F.);
#726=ORIENTED_EDGE('',*,*,#978,.F.);
#727=ORIENTED_EDGE('',*,*,#968,.F.);
#728=ORIENTED_EDGE('',*,*,#977,.T.);
#729=ORIENTED_EDGE('',*,*,#969,.F.);
#730=ORIENTED_EDGE('',*,*,#978,.T.);
#731=ORIENTED_EDGE('',*,*,#960,.F.);
#732=ORIENTED_EDGE('',*,*,#979,.F.);
#733=ORIENTED_EDGE('',*,*,#980,.T.);
#734=ORIENTED_EDGE('',*,*,#981,.T.);
#735=ORIENTED_EDGE('',*,*,#982,.T.);
#736=ORIENTED_EDGE('',*,*,#983,.F.);
#737=ORIENTED_EDGE('',*,*,#984,.T.);
#738=ORIENTED_EDGE('',*,*,#979,.T.);
#739=ORIENTED_EDGE('',*,*,#985,.T.);
#740=ORIENTED_EDGE('',*,*,#986,.F.);
#741=ORIENTED_EDGE('',*,*,#987,.T.);
#742=ORIENTED_EDGE('',*,*,#983,.T.);
#743=ORIENTED_EDGE('',*,*,#988,.T.);
#744=ORIENTED_EDGE('',*,*,#981,.F.);
#745=ORIENTED_EDGE('',*,*,#989,.T.);
#746=ORIENTED_EDGE('',*,*,#986,.T.);
#747=ORIENTED_EDGE('',*,*,#990,.T.);
#748=ORIENTED_EDGE('',*,*,#991,.T.);
#749=ORIENTED_EDGE('',*,*,#992,.T.);
#750=ORIENTED_EDGE('',*,*,#993,.T.);
#751=ORIENTED_EDGE('',*,*,#994,.T.);
#752=ORIENTED_EDGE('',*,*,#995,.T.);
#753=ORIENTED_EDGE('',*,*,#996,.T.);
#754=ORIENTED_EDGE('',*,*,#997,.T.);
#755=ORIENTED_EDGE('',*,*,#998,.T.);
#756=ORIENTED_EDGE('',*,*,#999,.F.);
#757=ORIENTED_EDGE('',*,*,#980,.F.);
#758=ORIENTED_EDGE('',*,*,#1000,.F.);
#759=ORIENTED_EDGE('',*,*,#993,.F.);
#760=ORIENTED_EDGE('',*,*,#1000,.T.);
#761=ORIENTED_EDGE('',*,*,#984,.F.);
#762=ORIENTED_EDGE('',*,*,#1001,.F.);
#763=ORIENTED_EDGE('',*,*,#994,.F.);
#764=ORIENTED_EDGE('',*,*,#999,.T.);
#765=ORIENTED_EDGE('',*,*,#992,.F.);
#766=ORIENTED_EDGE('',*,*,#1002,.F.);
#767=ORIENTED_EDGE('',*,*,#989,.F.);
#768=ORIENTED_EDGE('',*,*,#1001,.T.);
#769=ORIENTED_EDGE('',*,*,#987,.F.);
#770=ORIENTED_EDGE('',*,*,#1002,.T.);
#771=ORIENTED_EDGE('',*,*,#991,.F.);
#772=ORIENTED_EDGE('',*,*,#1003,.F.);
#773=ORIENTED_EDGE('',*,*,#995,.F.);
#774=ORIENTED_EDGE('',*,*,#1004,.F.);
#775=ORIENTED_EDGE('',*,*,#982,.F.);
#776=ORIENTED_EDGE('',*,*,#1004,.T.);
#777=ORIENTED_EDGE('',*,*,#998,.F.);
#778=ORIENTED_EDGE('',*,*,#1005,.F.);
#779=ORIENTED_EDGE('',*,*,#985,.F.);
#780=ORIENTED_EDGE('',*,*,#1003,.T.);
#781=ORIENTED_EDGE('',*,*,#990,.F.);
#782=ORIENTED_EDGE('',*,*,#1006,.F.);
#783=ORIENTED_EDGE('',*,*,#996,.F.);
#784=ORIENTED_EDGE('',*,*,#1005,.T.);
#785=ORIENTED_EDGE('',*,*,#997,.F.);
#786=ORIENTED_EDGE('',*,*,#1006,.T.);
#787=ORIENTED_EDGE('',*,*,#988,.F.);
#788=ORIENTED_EDGE('',*,*,#1007,.T.);
#789=ORIENTED_EDGE('',*,*,#1008,.T.);
#790=ORIENTED_EDGE('',*,*,#1008,.F.);
#791=ORIENTED_EDGE('',*,*,#1007,.F.);
#792=EDGE_CURVE('',#1009,#1009,#1132,.T.);
#793=EDGE_CURVE('',#1010,#1011,#138,.T.);
#794=EDGE_CURVE('',#1010,#1011,#1133,.T.);
#795=EDGE_CURVE('',#1012,#1012,#1134,.F.);
#796=EDGE_CURVE('',#1013,#1013,#1135,.F.);
#797=EDGE_CURVE('',#1014,#1015,#139,.T.);
#798=EDGE_CURVE('',#1015,#1016,#1136,.F.);
#799=EDGE_CURVE('',#1017,#1016,#140,.T.);
#800=EDGE_CURVE('',#1017,#1014,#1137,.T.);
#801=EDGE_CURVE('',#1018,#1019,#141,.T.);
#802=EDGE_CURVE('',#1019,#1020,#1138,.F.);
#803=EDGE_CURVE('',#1020,#1021,#142,.T.);
#804=EDGE_CURVE('',#1021,#1022,#1139,.F.);
#805=EDGE_CURVE('',#1022,#1023,#143,.F.);
#806=EDGE_CURVE('',#1023,#1018,#1140,.F.);
#807=EDGE_CURVE('',#1024,#1025,#144,.F.);
#808=EDGE_CURVE('',#1025,#1026,#1141,.T.);
#809=EDGE_CURVE('',#1026,#1027,#145,.F.);
#810=EDGE_CURVE('',#1027,#1028,#1142,.T.);
#811=EDGE_CURVE('',#1028,#1029,#146,.T.);
#812=EDGE_CURVE('',#1029,#1024,#1143,.T.);
#813=EDGE_CURVE('',#1030,#1031,#147,.T.);
#814=EDGE_CURVE('',#1031,#1015,#148,.T.);
#815=EDGE_CURVE('',#1014,#1030,#149,.F.);
#816=EDGE_CURVE('',#1032,#1032,#1144,.T.);
#817=EDGE_CURVE('',#1016,#1033,#150,.F.);
#818=EDGE_CURVE('',#1033,#1034,#151,.F.);
#819=EDGE_CURVE('',#1034,#1017,#152,.T.);
#820=EDGE_CURVE('',#1035,#1035,#1145,.T.);
#821=EDGE_CURVE('',#1036,#1036,#1146,.T.);
#822=EDGE_CURVE('',#1037,#1038,#153,.T.);
#823=EDGE_CURVE('',#1038,#1039,#154,.T.);
#824=EDGE_CURVE('',#1039,#1040,#155,.F.);
#825=EDGE_CURVE('',#1040,#1037,#156,.F.);
#826=EDGE_CURVE('',#1033,#1038,#1147,.F.);
#827=EDGE_CURVE('',#1037,#1034,#1148,.T.);
#828=EDGE_CURVE('',#1039,#1031,#1149,.F.);
#829=EDGE_CURVE('',#1030,#1040,#1150,.T.);
#830=EDGE_CURVE('',#1041,#1042,#52,.T.);
#831=EDGE_CURVE('',#1042,#1009,#53,.T.);
#832=EDGE_CURVE('',#1009,#1043,#54,.F.);
#833=EDGE_CURVE('',#1043,#1044,#55,.T.);
#834=EDGE_CURVE('',#1044,#1045,#56,.T.);
#835=EDGE_CURVE('',#1045,#1041,#57,.F.);
#836=EDGE_CURVE('',#1041,#1044,#1151,.T.);
#837=EDGE_CURVE('',#1043,#1042,#1152,.F.);
#838=EDGE_CURVE('',#1045,#1045,#1153,.F.);
#839=EDGE_CURVE('',#1028,#1033,#1154,.T.);
#840=EDGE_CURVE('',#1038,#1027,#1155,.T.);
#841=EDGE_CURVE('',#1039,#1026,#1156,.T.);
#842=EDGE_CURVE('',#1029,#1016,#58,.F.);
#843=EDGE_CURVE('',#1031,#1025,#1157,.T.);
#844=EDGE_CURVE('',#1024,#1015,#59,.F.);
#845=EDGE_CURVE('',#1020,#1030,#1158,.T.);
#846=EDGE_CURVE('',#1040,#1019,#1159,.T.);
#847=EDGE_CURVE('',#1037,#1018,#1160,.T.);
#848=EDGE_CURVE('',#1021,#1014,#60,.F.);
#849=EDGE_CURVE('',#1034,#1023,#1161,.T.);
#850=EDGE_CURVE('',#1022,#1017,#61,.F.);
#851=EDGE_CURVE('',#1046,#1010,#157,.T.);
#852=EDGE_CURVE('',#1046,#1047,#158,.T.);
#853=EDGE_CURVE('',#1047,#1011,#159,.T.);
#854=EDGE_CURVE('',#1046,#1047,#1162,.T.);
#855=EDGE_CURVE('',#1048,#1049,#160,.T.);
#856=EDGE_CURVE('',#1049,#1050,#161,.F.);
#857=EDGE_CURVE('',#1050,#1051,#162,.F.);
#858=EDGE_CURVE('',#1051,#1048,#163,.T.);
#859=EDGE_CURVE('',#1052,#1053,#164,.F.);
#860=EDGE_CURVE('',#1053,#1054,#165,.T.);
#861=EDGE_CURVE('',#1054,#1055,#166,.T.);
#862=EDGE_CURVE('',#1055,#1052,#167,.F.);
#863=EDGE_CURVE('',#1056,#1057,#168,.F.);
#864=EDGE_CURVE('',#1057,#1058,#169,.T.);
#865=EDGE_CURVE('',#1058,#1059,#170,.T.);
#866=EDGE_CURVE('',#1059,#1056,#171,.F.);
#867=EDGE_CURVE('',#1060,#1061,#172,.T.);
#868=EDGE_CURVE('',#1061,#1062,#173,.F.);
#869=EDGE_CURVE('',#1062,#1063,#174,.F.);
#870=EDGE_CURVE('',#1063,#1060,#175,.T.);
#871=EDGE_CURVE('',#1064,#1065,#176,.T.);
#872=EDGE_CURVE('',#1065,#1066,#177,.T.);
#873=EDGE_CURVE('',#1066,#1067,#178,.T.);
#874=EDGE_CURVE('',#1067,#1064,#179,.T.);
#875=EDGE_CURVE('',#1068,#1069,#180,.F.);
#876=EDGE_CURVE('',#1069,#1070,#181,.F.);
#877=EDGE_CURVE('',#1070,#1071,#182,.F.);
#878=EDGE_CURVE('',#1071,#1068,#183,.F.);
#879=EDGE_CURVE('',#1059,#1071,#1163,.T.);
#880=EDGE_CURVE('',#1068,#1058,#1164,.T.);
#881=EDGE_CURVE('',#1059,#1060,#1165,.F.);
#882=EDGE_CURVE('',#1060,#1071,#1166,.F.);
#883=EDGE_CURVE('',#1068,#1055,#1167,.F.);
#884=EDGE_CURVE('',#1055,#1058,#1168,.F.);
#885=EDGE_CURVE('',#1061,#1070,#1169,.T.);
#886=EDGE_CURVE('',#1056,#1063,#1170,.T.);
#887=EDGE_CURVE('',#1057,#1067,#1171,.T.);
#888=EDGE_CURVE('',#1064,#1056,#1172,.T.);
#889=EDGE_CURVE('',#1052,#1057,#1173,.T.);
#890=EDGE_CURVE('',#1069,#1054,#1174,.T.);
#891=EDGE_CURVE('',#1070,#1048,#1175,.T.);
#892=EDGE_CURVE('',#1049,#1069,#1176,.T.);
#893=EDGE_CURVE('',#1061,#1048,#1177,.F.);
#894=EDGE_CURVE('',#1064,#1063,#1178,.F.);
#895=EDGE_CURVE('',#1052,#1067,#1179,.F.);
#896=EDGE_CURVE('',#1049,#1054,#1180,.F.);
#897=EDGE_CURVE('',#1062,#1051,#1181,.T.);
#898=EDGE_CURVE('',#1065,#1062,#1182,.T.);
#899=EDGE_CURVE('',#1053,#1066,#1183,.T.);
#900=EDGE_CURVE('',#1050,#1053,#1184,.T.);
#901=EDGE_CURVE('',#1065,#1051,#1185,.F.);
#902=EDGE_CURVE('',#1050,#1066,#1186,.F.);
#903=EDGE_CURVE('',#1073,#1074,#184,.T.);
#904=EDGE_CURVE('',#1074,#1075,#185,.F.);
#905=EDGE_CURVE('',#1075,#1076,#186,.F.);
#906=EDGE_CURVE('',#1076,#1073,#187,.T.);
#907=EDGE_CURVE('',#1077,#1078,#188,.T.);
#908=EDGE_CURVE('',#1078,#1079,#189,.F.);
#909=EDGE_CURVE('',#1079,#1080,#190,.F.);
#910=EDGE_CURVE('',#1080,#1077,#191,.T.);
#911=EDGE_CURVE('',#1081,#1082,#192,.F.);
#912=EDGE_CURVE('',#1082,#1083,#193,.T.);
#913=EDGE_CURVE('',#1083,#1084,#194,.T.);
#914=EDGE_CURVE('',#1084,#1081,#195,.F.);
#915=EDGE_CURVE('',#1085,#1086,#196,.T.);
#916=EDGE_CURVE('',#1086,#1087,#197,.F.);
#917=EDGE_CURVE('',#1087,#1088,#198,.F.);
#918=EDGE_CURVE('',#1088,#1085,#199,.T.);
#919=EDGE_CURVE('',#1089,#1090,#200,.T.);
#920=EDGE_CURVE('',#1090,#1091,#201,.T.);
#921=EDGE_CURVE('',#1091,#1092,#202,.T.);
#922=EDGE_CURVE('',#1092,#1089,#203,.T.);
#923=EDGE_CURVE('',#1093,#1094,#204,.F.);
#924=EDGE_CURVE('',#1094,#1095,#205,.F.);
#925=EDGE_CURVE('',#1095,#1096,#206,.F.);
#926=EDGE_CURVE('',#1096,#1093,#207,.F.);
#927=EDGE_CURVE('',#1074,#1096,#1187,.T.);
#928=EDGE_CURVE('',#1093,#1073,#1188,.T.);
#929=EDGE_CURVE('',#1074,#1077,#1189,.F.);
#930=EDGE_CURVE('',#1077,#1096,#1190,.F.);
#931=EDGE_CURVE('',#1093,#1086,#1191,.F.);
#932=EDGE_CURVE('',#1086,#1073,#1192,.F.);
#933=EDGE_CURVE('',#1078,#1095,#1193,.T.);
#934=EDGE_CURVE('',#1075,#1080,#1194,.T.);
#935=EDGE_CURVE('',#1076,#1092,#1195,.T.);
#936=EDGE_CURVE('',#1089,#1075,#1196,.T.);
#937=EDGE_CURVE('',#1087,#1076,#1197,.T.);
#938=EDGE_CURVE('',#1094,#1085,#1198,.T.);
#939=EDGE_CURVE('',#1095,#1083,#1199,.T.);
#940=EDGE_CURVE('',#1084,#1094,#1200,.T.);
#941=EDGE_CURVE('',#1078,#1083,#1201,.F.);
#942=EDGE_CURVE('',#1089,#1080,#1202,.F.);
#943=EDGE_CURVE('',#1087,#1092,#1203,.F.);
#944=EDGE_CURVE('',#1084,#1085,#1204,.F.);
#945=EDGE_CURVE('',#1079,#1082,#1205,.T.);
#946=EDGE_CURVE('',#1090,#1079,#1206,.T.);
#947=EDGE_CURVE('',#1088,#1091,#1207,.T.);
#948=EDGE_CURVE('',#1081,#1088,#1208,.T.);
#949=EDGE_CURVE('',#1090,#1082,#1209,.F.);
#950=EDGE_CURVE('',#1081,#1091,#1210,.F.);
#951=EDGE_CURVE('',#1097,#1098,#208,.T.);
#952=EDGE_CURVE('',#1097,#1099,#209,.T.);
#953=EDGE_CURVE('',#1099,#1100,#210,.T.);
#954=EDGE_CURVE('',#1100,#1098,#211,.F.);
#955=EDGE_CURVE('',#1101,#1102,#212,.T.);
#956=EDGE_CURVE('',#1101,#1097,#213,.F.);
#957=EDGE_CURVE('',#1098,#1102,#214,.T.);
#958=EDGE_CURVE('',#1103,#1104,#215,.T.);
#959=EDGE_CURVE('',#1103,#1101,#216,.F.);
#960=EDGE_CURVE('',#1102,#1104,#217,.T.);
#961=EDGE_CURVE('',#1099,#1103,#218,.T.);
#962=EDGE_CURVE('',#1104,#1100,#219,.F.);
#963=EDGE_CURVE('',#1105,#1106,#220,.T.);
#964=EDGE_CURVE('',#1106,#1107,#221,.F.);
#965=EDGE_CURVE('',#1107,#1108,#222,.F.);
#966=EDGE_CURVE('',#1108,#1105,#223,.T.);
#967=EDGE_CURVE('',#1109,#1110,#224,.T.);
#968=EDGE_CURVE('',#1110,#1111,#225,.T.);
#969=EDGE_CURVE('',#1111,#1112,#226,.F.);
#970=EDGE_CURVE('',#1112,#1109,#227,.F.);
#971=EDGE_CURVE('',#1099,#1107,#10,.T.);
#972=EDGE_CURVE('',#1108,#1097,#11,.F.);
#973=EDGE_CURVE('',#1105,#1101,#12,.F.);
#974=EDGE_CURVE('',#1103,#1106,#13,.T.);
#975=EDGE_CURVE('',#1110,#1100,#14,.F.);
#976=EDGE_CURVE('',#1098,#1109,#15,.T.);
#977=EDGE_CURVE('',#1102,#1112,#16,.T.);
#978=EDGE_CURVE('',#1111,#1104,#17,.F.);
#979=EDGE_CURVE('',#1113,#1114,#228,.T.);
#980=EDGE_CURVE('',#1113,#1115,#229,.T.);
#981=EDGE_CURVE('',#1115,#1116,#230,.T.);
#982=EDGE_CURVE('',#1116,#1114,#231,.F.);
#983=EDGE_CURVE('',#1117,#1118,#232,.T.);
#984=EDGE_CURVE('',#1117,#1113,#233,.F.);
#985=EDGE_CURVE('',#1114,#1118,#234,.T.);
#986=EDGE_CURVE('',#1119,#1120,#235,.T.);
#987=EDGE_CURVE('',#1119,#1117,#236,.F.);
#988=EDGE_CURVE('',#1118,#1120,#237,.T.);
#989=EDGE_CURVE('',#1115,#1119,#238,.T.);
#990=EDGE_CURVE('',#1120,#1116,#239,.F.);
#991=EDGE_CURVE('',#1121,#1122,#240,.T.);
#992=EDGE_CURVE('',#1122,#1123,#241,.F.);
#993=EDGE_CURVE('',#1123,#1124,#242,.F.);
#994=EDGE_CURVE('',#1124,#1121,#243,.T.);
#995=EDGE_CURVE('',#1125,#1126,#244,.T.);
#996=EDGE_CURVE('',#1126,#1127,#245,.T.);
#997=EDGE_CURVE('',#1127,#1128,#246,.F.);
#998=EDGE_CURVE('',#1128,#1125,#247,.F.);
#999=EDGE_CURVE('',#1115,#1123,#18,.T.);
#1000=EDGE_CURVE('',#1124,#1113,#19,.F.);
#1001=EDGE_CURVE('',#1121,#1117,#20,.F.);
#1002=EDGE_CURVE('',#1119,#1122,#21,.T.);
#1003=EDGE_CURVE('',#1126,#1116,#22,.F.);
#1004=EDGE_CURVE('',#1114,#1125,#23,.T.);
#1005=EDGE_CURVE('',#1118,#1128,#24,.T.);
#1006=EDGE_CURVE('',#1127,#1120,#25,.F.);
#1007=EDGE_CURVE('',#1129,#1129,#1211,.T.);
#1008=EDGE_CURVE('',#1130,#1130,#1212,.T.);
#1009=VERTEX_POINT('',#2568);
#1010=VERTEX_POINT('',#2570);
#1011=VERTEX_POINT('',#2571);
#1012=VERTEX_POINT('',#2575);
#1013=VERTEX_POINT('',#2577);
#1014=VERTEX_POINT('',#2580);
#1015=VERTEX_POINT('',#2581);
#1016=VERTEX_POINT('',#2583);
#1017=VERTEX_POINT('',#2585);
#1018=VERTEX_POINT('',#2589);
#1019=VERTEX_POINT('',#2590);
#1020=VERTEX_POINT('',#2592);
#1021=VERTEX_POINT('',#2594);
#1022=VERTEX_POINT('',#2596);
#1023=VERTEX_POINT('',#2598);
#1024=VERTEX_POINT('',#2602);
#1025=VERTEX_POINT('',#2603);
#1026=VERTEX_POINT('',#2605);
#1027=VERTEX_POINT('',#2607);
#1028=VERTEX_POINT('',#2609);
#1029=VERTEX_POINT('',#2611);
#1030=VERTEX_POINT('',#2615);
#1031=VERTEX_POINT('',#2616);
#1032=VERTEX_POINT('',#2621);
#1033=VERTEX_POINT('',#2623);
#1034=VERTEX_POINT('',#2625);
#1035=VERTEX_POINT('',#2630);
#1036=VERTEX_POINT('',#2633);
#1037=VERTEX_POINT('',#2635);
#1038=VERTEX_POINT('',#2636);
#1039=VERTEX_POINT('',#2638);
#1040=VERTEX_POINT('',#2640);
#1041=VERTEX_POINT('',#2667);
#1042=VERTEX_POINT('',#2668);
#1043=VERTEX_POINT('',#2685);
#1044=VERTEX_POINT('',#2704);
#1045=VERTEX_POINT('',#2713);
#1046=VERTEX_POINT('',#2780);
#1047=VERTEX_POINT('',#2782);
#1048=VERTEX_POINT('',#2790);
#1049=VERTEX_POINT('',#2791);
#1050=VERTEX_POINT('',#2793);
#1051=VERTEX_POINT('',#2795);
#1052=VERTEX_POINT('',#2799);
#1053=VERTEX_POINT('',#2800);
#1054=VERTEX_POINT('',#2802);
#1055=VERTEX_POINT('',#2804);
#1056=VERTEX_POINT('',#2808);
#1057=VERTEX_POINT('',#2809);
#1058=VERTEX_POINT('',#2811);
#1059=VERTEX_POINT('',#2813);
#1060=VERTEX_POINT('',#2817);
#1061=VERTEX_POINT('',#2818);
#1062=VERTEX_POINT('',#2820);
#1063=VERTEX_POINT('',#2822);
#1064=VERTEX_POINT('',#2826);
#1065=VERTEX_POINT('',#2827);
#1066=VERTEX_POINT('',#2829);
#1067=VERTEX_POINT('',#2831);
#1068=VERTEX_POINT('',#2835);
#1069=VERTEX_POINT('',#2836);
#1070=VERTEX_POINT('',#2838);
#1071=VERTEX_POINT('',#2840);
#1072=VERTEX_POINT('',#2888);
#1073=VERTEX_POINT('',#2892);
#1074=VERTEX_POINT('',#2893);
#1075=VERTEX_POINT('',#2895);
#1076=VERTEX_POINT('',#2897);
#1077=VERTEX_POINT('',#2901);
#1078=VERTEX_POINT('',#2902);
#1079=VERTEX_POINT('',#2904);
#1080=VERTEX_POINT('',#2906);
#1081=VERTEX_POINT('',#2910);
#1082=VERTEX_POINT('',#2911);
#1083=VERTEX_POINT('',#2913);
#1084=VERTEX_POINT('',#2915);
#1085=VERTEX_POINT('',#2919);
#1086=VERTEX_POINT('',#2920);
#1087=VERTEX_POINT('',#2922);
#1088=VERTEX_POINT('',#2924);
#1089=VERTEX_POINT('',#2928);
#1090=VERTEX_POINT('',#2929);
#1091=VERTEX_POINT('',#2931);
#1092=VERTEX_POINT('',#2933);
#1093=VERTEX_POINT('',#2937);
#1094=VERTEX_POINT('',#2938);
#1095=VERTEX_POINT('',#2940);
#1096=VERTEX_POINT('',#2942);
#1097=VERTEX_POINT('',#2991);
#1098=VERTEX_POINT('',#2992);
#1099=VERTEX_POINT('',#2994);
#1100=VERTEX_POINT('',#2996);
#1101=VERTEX_POINT('',#3000);
#1102=VERTEX_POINT('',#3001);
#1103=VERTEX_POINT('',#3006);
#1104=VERTEX_POINT('',#3007);
#1105=VERTEX_POINT('',#3015);
#1106=VERTEX_POINT('',#3016);
#1107=VERTEX_POINT('',#3018);
#1108=VERTEX_POINT('',#3020);
#1109=VERTEX_POINT('',#3024);
#1110=VERTEX_POINT('',#3025);
#1111=VERTEX_POINT('',#3027);
#1112=VERTEX_POINT('',#3029);
#1113=VERTEX_POINT('',#3050);
#1114=VERTEX_POINT('',#3051);
#1115=VERTEX_POINT('',#3053);
#1116=VERTEX_POINT('',#3055);
#1117=VERTEX_POINT('',#3059);
#1118=VERTEX_POINT('',#3060);
#1119=VERTEX_POINT('',#3065);
#1120=VERTEX_POINT('',#3066);
#1121=VERTEX_POINT('',#3074);
#1122=VERTEX_POINT('',#3075);
#1123=VERTEX_POINT('',#3077);
#1124=VERTEX_POINT('',#3079);
#1125=VERTEX_POINT('',#3083);
#1126=VERTEX_POINT('',#3084);
#1127=VERTEX_POINT('',#3086);
#1128=VERTEX_POINT('',#3088);
#1129=VERTEX_POINT('',#3109);
#1130=VERTEX_POINT('',#3111);
#1131=VERTEX_POINT('',#3116);
#1132=CIRCLE('',#1788,0.05715);
#1133=CIRCLE('',#1789,0.034417);
#1134=CIRCLE('',#1791,0.0254);
#1135=CIRCLE('',#1792,0.022225);
#1136=CIRCLE('',#1794,0.118443147778611);
#1137=CIRCLE('',#1795,0.118443147778611);
#1138=CIRCLE('',#1797,0.04445);
#1139=CIRCLE('',#1798,0.112093147778611);
#1140=CIRCLE('',#1799,0.04445);
#1141=CIRCLE('',#1801,0.04445);
#1142=CIRCLE('',#1802,0.04445);
#1143=CIRCLE('',#1803,0.112093147778611);
#1144=CIRCLE('',#1806,0.0254);
#1145=CIRCLE('',#1809,0.022225);
#1146=CIRCLE('',#1811,0.0381);
#1147=CIRCLE('',#1813,0.0508);
#1148=CIRCLE('',#1814,0.0508);
#1149=CIRCLE('',#1816,0.0508);
#1150=CIRCLE('',#1817,0.0508);
#1151=CIRCLE('',#1820,0.0635);
#1152=CIRCLE('',#1821,0.0635);
#1153=CIRCLE('',#1823,0.05715);
#1154=CIRCLE('',#1827,0.00635);
#1155=CIRCLE('',#1828,0.00635);
#1156=CIRCLE('',#1830,0.00635);
#1157=CIRCLE('',#1833,0.00635);
#1158=CIRCLE('',#1837,0.00635);
#1159=CIRCLE('',#1838,0.00635);
#1160=CIRCLE('',#1840,0.00635);
#1161=CIRCLE('',#1843,0.00635);
#1162=CIRCLE('',#1849,0.034417);
#1163=CIRCLE('',#1859,0.01905);
#1164=CIRCLE('',#1860,0.01905);
#1165=CIRCLE('',#1862,0.01905);
#1166=CIRCLE('',#1863,0.01905);
#1167=CIRCLE('',#1865,0.01905);
#1168=CIRCLE('',#1866,0.01905);
#1169=CIRCLE('',#1868,0.01905);
#1170=CIRCLE('',#1870,0.01905);
#1171=CIRCLE('',#1872,0.01905);
#1172=CIRCLE('',#1873,0.01905);
#1173=CIRCLE('',#1875,0.01905);
#1174=CIRCLE('',#1877,0.01905);
#1175=CIRCLE('',#1879,0.01905);
#1176=CIRCLE('',#1880,0.01905);
#1177=CIRCLE('',#1882,0.01905);
#1178=CIRCLE('',#1884,0.01905);
#1179=CIRCLE('',#1886,0.01905);
#1180=CIRCLE('',#1888,0.01905);
#1181=CIRCLE('',#1890,0.01905);
#1182=CIRCLE('',#1892,0.01905);
#1183=CIRCLE('',#1894,0.01905);
#1184=CIRCLE('',#1896,0.01905);
#1185=CIRCLE('',#1898,0.01905);
#1186=CIRCLE('',#1900,0.01905);
#1187=CIRCLE('',#1912,0.01905);
#1188=CIRCLE('',#1913,0.01905);
#1189=CIRCLE('',#1915,0.01905);
#1190=CIRCLE('',#1916,0.01905);
#1191=CIRCLE('',#1918,0.01905);
#1192=CIRCLE('',#1919,0.01905);
#1193=CIRCLE('',#1921,0.01905);
#1194=CIRCLE('',#1923,0.01905);
#1195=CIRCLE('',#1925,0.01905);
#1196=CIRCLE('',#1926,0.01905);
#1197=CIRCLE('',#1928,0.01905);
#1198=CIRCLE('',#1930,0.01905);
#1199=CIRCLE('',#1932,0.01905);
#1200=CIRCLE('',#1933,0.01905);
#1201=CIRCLE('',#1935,0.01905);
#1202=CIRCLE('',#1937,0.01905);
#1203=CIRCLE('',#1939,0.01905);
#1204=CIRCLE('',#1941,0.01905);
#1205=CIRCLE('',#1943,0.01905);
#1206=CIRCLE('',#1945,0.01905);
#1207=CIRCLE('',#1947,0.01905);
#1208=CIRCLE('',#1949,0.01905);
#1209=CIRCLE('',#1951,0.01905);
#1210=CIRCLE('',#1953,0.01905);
#1211=CIRCLE('',#2003,0.01905);
#1212=CIRCLE('',#2004,0.01905);
#1213=EDGE_LOOP('',(#358));
#1214=EDGE_LOOP('',(#359,#360));
#1215=EDGE_LOOP('',(#361));
#1216=EDGE_LOOP('',(#362));
#1217=EDGE_LOOP('',(#363,#364,#365,#366));
#1218=EDGE_LOOP('',(#367,#368,#369,#370,#371,#372));
#1219=EDGE_LOOP('',(#373,#374,#375,#376,#377,#378));
#1220=EDGE_LOOP('',(#379));
#1221=EDGE_LOOP('',(#380,#381,#382,#383));
#1222=EDGE_LOOP('',(#384));
#1223=EDGE_LOOP('',(#385,#386,#387,#388));
#1224=EDGE_LOOP('',(#389));
#1225=EDGE_LOOP('',(#390));
#1226=EDGE_LOOP('',(#391));
#1227=EDGE_LOOP('',(#392));
#1228=EDGE_LOOP('',(#393,#394,#395,#396));
#1229=EDGE_LOOP('',(#397,#398,#399,#400));
#1230=EDGE_LOOP('',(#401,#402,#403,#404));
#1231=EDGE_LOOP('',(#405,#406,#407,#408,#409,#410));
#1232=EDGE_LOOP('',(#411));
#1233=EDGE_LOOP('',(#412,#413,#414,#415));
#1234=EDGE_LOOP('',(#416));
#1235=EDGE_LOOP('',(#417,#418,#419,#420));
#1236=EDGE_LOOP('',(#421,#422,#423,#424));
#1237=EDGE_LOOP('',(#425,#426,#427,#428));
#1238=EDGE_LOOP('',(#429,#430,#431,#432));
#1239=EDGE_LOOP('',(#433,#434,#435,#436));
#1240=EDGE_LOOP('',(#437,#438,#439,#440));
#1241=EDGE_LOOP('',(#441,#442,#443,#444));
#1242=EDGE_LOOP('',(#445,#446,#447,#448));
#1243=EDGE_LOOP('',(#449,#450,#451,#452));
#1244=EDGE_LOOP('',(#453,#454,#455,#456));
#1245=EDGE_LOOP('',(#457,#458,#459,#460));
#1246=EDGE_LOOP('',(#461,#462,#463,#464));
#1247=EDGE_LOOP('',(#465,#466,#467,#468));
#1248=EDGE_LOOP('',(#469,#470,#471,#472));
#1249=EDGE_LOOP('',(#473));
#1250=EDGE_LOOP('',(#474,#475,#476,#477));
#1251=EDGE_LOOP('',(#478,#479,#480,#481));
#1252=EDGE_LOOP('',(#482,#483));
#1253=EDGE_LOOP('',(#484,#485,#486,#487));
#1254=EDGE_LOOP('',(#488,#489,#490,#491));
#1255=EDGE_LOOP('',(#492,#493,#494,#495));
#1256=EDGE_LOOP('',(#496,#497,#498,#499));
#1257=EDGE_LOOP('',(#500,#501,#502,#503));
#1258=EDGE_LOOP('',(#504,#505,#506,#507));
#1259=EDGE_LOOP('',(#508,#509,#510,#511));
#1260=EDGE_LOOP('',(#512,#513,#514));
#1261=EDGE_LOOP('',(#515,#516,#517));
#1262=EDGE_LOOP('',(#518,#519,#520,#521));
#1263=EDGE_LOOP('',(#522,#523,#524,#525));
#1264=EDGE_LOOP('',(#526,#527,#528,#529));
#1265=EDGE_LOOP('',(#530,#531,#532,#533));
#1266=EDGE_LOOP('',(#534,#535,#536,#537));
#1267=EDGE_LOOP('',(#538,#539,#540,#541));
#1268=EDGE_LOOP('',(#542,#543,#544));
#1269=EDGE_LOOP('',(#545,#546,#547));
#1270=EDGE_LOOP('',(#548,#549,#550));
#1271=EDGE_LOOP('',(#551,#552,#553));
#1272=EDGE_LOOP('',(#554,#555,#556,#557));
#1273=EDGE_LOOP('',(#558,#559,#560,#561));
#1274=EDGE_LOOP('',(#562,#563,#564,#565));
#1275=EDGE_LOOP('',(#566,#567,#568,#569));
#1276=EDGE_LOOP('',(#570,#571,#572));
#1277=EDGE_LOOP('',(#573,#574,#575));
#1278=EDGE_LOOP('',(#576,#577,#578,#579));
#1279=EDGE_LOOP('',(#580,#581,#582,#583));
#1280=EDGE_LOOP('',(#584,#585,#586,#587));
#1281=EDGE_LOOP('',(#588,#589,#590,#591));
#1282=EDGE_LOOP('',(#592,#593,#594,#595));
#1283=EDGE_LOOP('',(#596,#597,#598,#599));
#1284=EDGE_LOOP('',(#600,#601,#602,#603));
#1285=EDGE_LOOP('',(#604,#605,#606,#607));
#1286=EDGE_LOOP('',(#608,#609,#610));
#1287=EDGE_LOOP('',(#611,#612,#613));
#1288=EDGE_LOOP('',(#614,#615,#616,#617));
#1289=EDGE_LOOP('',(#618,#619,#620,#621));
#1290=EDGE_LOOP('',(#622,#623,#624,#625));
#1291=EDGE_LOOP('',(#626,#627,#628,#629));
#1292=EDGE_LOOP('',(#630,#631,#632,#633));
#1293=EDGE_LOOP('',(#634,#635,#636,#637));
#1294=EDGE_LOOP('',(#638,#639,#640));
#1295=EDGE_LOOP('',(#641,#642,#643));
#1296=EDGE_LOOP('',(#644,#645,#646));
#1297=EDGE_LOOP('',(#647,#648,#649));
#1298=EDGE_LOOP('',(#650,#651,#652,#653));
#1299=EDGE_LOOP('',(#654,#655,#656,#657));
#1300=EDGE_LOOP('',(#658,#659,#660,#661));
#1301=EDGE_LOOP('',(#662,#663,#664,#665));
#1302=EDGE_LOOP('',(#666,#667,#668));
#1303=EDGE_LOOP('',(#669,#670,#671));
#1304=EDGE_LOOP('',(#672,#673,#674,#675));
#1305=EDGE_LOOP('',(#676,#677,#678,#679));
#1306=EDGE_LOOP('',(#680,#681,#682,#683));
#1307=EDGE_LOOP('',(#684,#685,#686,#687));
#1308=EDGE_LOOP('',(#688,#689,#690,#691));
#1309=EDGE_LOOP('',(#692,#693,#694,#695));
#1310=EDGE_LOOP('',(#696,#697,#698,#699));
#1311=EDGE_LOOP('',(#700,#701,#702,#703));
#1312=EDGE_LOOP('',(#704,#705,#706,#707));
#1313=EDGE_LOOP('',(#708,#709,#710,#711));
#1314=EDGE_LOOP('',(#712,#713,#714,#715));
#1315=EDGE_LOOP('',(#716,#717,#718,#719));
#1316=EDGE_LOOP('',(#720,#721,#722,#723));
#1317=EDGE_LOOP('',(#724,#725,#726,#727));
#1318=EDGE_LOOP('',(#728,#729,#730,#731));
#1319=EDGE_LOOP('',(#732,#733,#734,#735));
#1320=EDGE_LOOP('',(#736,#737,#738,#739));
#1321=EDGE_LOOP('',(#740,#741,#742,#743));
#1322=EDGE_LOOP('',(#744,#745,#746,#747));
#1323=EDGE_LOOP('',(#748,#749,#750,#751));
#1324=EDGE_LOOP('',(#752,#753,#754,#755));
#1325=EDGE_LOOP('',(#756,#757,#758,#759));
#1326=EDGE_LOOP('',(#760,#761,#762,#763));
#1327=EDGE_LOOP('',(#764,#765,#766,#767));
#1328=EDGE_LOOP('',(#768,#769,#770,#771));
#1329=EDGE_LOOP('',(#772,#773,#774,#775));
#1330=EDGE_LOOP('',(#776,#777,#778,#779));
#1331=EDGE_LOOP('',(#780,#781,#782,#783));
#1332=EDGE_LOOP('',(#784,#785,#786,#787));
#1333=EDGE_LOOP('',(#788));
#1334=EDGE_LOOP('',(#789));
#1335=EDGE_LOOP('',(#790));
#1336=EDGE_LOOP('',(#791));
#1337=FACE_BOUND('',#1213,.T.);
#1338=FACE_BOUND('',#1214,.T.);
#1339=FACE_BOUND('',#1215,.T.);
#1340=FACE_BOUND('',#1216,.T.);
#1341=FACE_BOUND('',#1217,.T.);
#1342=FACE_BOUND('',#1218,.T.);
#1343=FACE_BOUND('',#1219,.T.);
#1344=FACE_BOUND('',#1220,.T.);
#1345=FACE_BOUND('',#1221,.T.);
#1346=FACE_BOUND('',#1222,.T.);
#1347=FACE_BOUND('',#1223,.T.);
#1348=FACE_BOUND('',#1224,.T.);
#1349=FACE_BOUND('',#1225,.T.);
#1350=FACE_BOUND('',#1226,.T.);
#1351=FACE_BOUND('',#1227,.T.);
#1352=FACE_BOUND('',#1228,.T.);
#1353=FACE_BOUND('',#1229,.T.);
#1354=FACE_BOUND('',#1230,.T.);
#1355=FACE_BOUND('',#1231,.T.);
#1356=FACE_BOUND('',#1232,.T.);
#1357=FACE_BOUND('',#1233,.T.);
#1358=FACE_BOUND('',#1234,.T.);
#1359=FACE_BOUND('',#1235,.T.);
#1360=FACE_BOUND('',#1236,.T.);
#1361=FACE_BOUND('',#1237,.T.);
#1362=FACE_BOUND('',#1238,.T.);
#1363=FACE_BOUND('',#1239,.T.);
#1364=FACE_BOUND('',#1240,.T.);
#1365=FACE_BOUND('',#1241,.T.);
#1366=FACE_BOUND('',#1242,.T.);
#1367=FACE_BOUND('',#1243,.T.);
#1368=FACE_BOUND('',#1244,.T.);
#1369=FACE_BOUND('',#1245,.T.);
#1370=FACE_BOUND('',#1246,.T.);
#1371=FACE_BOUND('',#1247,.T.);
#1372=FACE_BOUND('',#1248,.T.);
#1373=FACE_BOUND('',#1249,.T.);
#1374=FACE_BOUND('',#1250,.T.);
#1375=FACE_BOUND('',#1251,.T.);
#1376=FACE_BOUND('',#1252,.T.);
#1377=FACE_BOUND('',#1253,.T.);
#1378=FACE_BOUND('',#1254,.T.);
#1379=FACE_BOUND('',#1255,.T.);
#1380=FACE_BOUND('',#1256,.T.);
#1381=FACE_BOUND('',#1257,.T.);
#1382=FACE_BOUND('',#1258,.T.);
#1383=FACE_BOUND('',#1259,.T.);
#1384=FACE_BOUND('',#1260,.T.);
#1385=FACE_BOUND('',#1261,.T.);
#1386=FACE_BOUND('',#1262,.T.);
#1387=FACE_BOUND('',#1263,.T.);
#1388=FACE_BOUND('',#1264,.T.);
#1389=FACE_BOUND('',#1265,.T.);
#1390=FACE_BOUND('',#1266,.T.);
#1391=FACE_BOUND('',#1267,.T.);
#1392=FACE_BOUND('',#1268,.T.);
#1393=FACE_BOUND('',#1269,.T.);
#1394=FACE_BOUND('',#1270,.T.);
#1395=FACE_BOUND('',#1271,.T.);
#1396=FACE_BOUND('',#1272,.T.);
#1397=FACE_BOUND('',#1273,.T.);
#1398=FACE_BOUND('',#1274,.T.);
#1399=FACE_BOUND('',#1275,.T.);
#1400=FACE_BOUND('',#1276,.T.);
#1401=FACE_BOUND('',#1277,.T.);
#1402=FACE_BOUND('',#1278,.T.);
#1403=FACE_BOUND('',#26,.T.);
#1404=FACE_BOUND('',#1279,.T.);
#1405=FACE_BOUND('',#1280,.T.);
#1406=FACE_BOUND('',#1281,.T.);
#1407=FACE_BOUND('',#1282,.T.);
#1408=FACE_BOUND('',#1283,.T.);
#1409=FACE_BOUND('',#1284,.T.);
#1410=FACE_BOUND('',#1285,.T.);
#1411=FACE_BOUND('',#1286,.T.);
#1412=FACE_BOUND('',#1287,.T.);
#1413=FACE_BOUND('',#1288,.T.);
#1414=FACE_BOUND('',#1289,.T.);
#1415=FACE_BOUND('',#1290,.T.);
#1416=FACE_BOUND('',#1291,.T.);
#1417=FACE_BOUND('',#1292,.T.);
#1418=FACE_BOUND('',#1293,.T.);
#1419=FACE_BOUND('',#1294,.T.);
#1420=FACE_BOUND('',#1295,.T.);
#1421=FACE_BOUND('',#1296,.T.);
#1422=FACE_BOUND('',#1297,.T.);
#1423=FACE_BOUND('',#1298,.T.);
#1424=FACE_BOUND('',#1299,.T.);
#1425=FACE_BOUND('',#1300,.T.);
#1426=FACE_BOUND('',#1301,.T.);
#1427=FACE_BOUND('',#1302,.T.);
#1428=FACE_BOUND('',#1303,.T.);
#1429=FACE_BOUND('',#1304,.T.);
#1430=FACE_BOUND('',#1305,.T.);
#1431=FACE_BOUND('',#1306,.T.);
#1432=FACE_BOUND('',#1307,.T.);
#1433=FACE_BOUND('',#1308,.T.);
#1434=FACE_BOUND('',#1309,.T.);
#1435=FACE_BOUND('',#1310,.T.);
#1436=FACE_BOUND('',#1311,.T.);
#1437=FACE_BOUND('',#1312,.T.);
#1438=FACE_BOUND('',#1313,.T.);
#1439=FACE_BOUND('',#1314,.T.);
#1440=FACE_BOUND('',#1315,.T.);
#1441=FACE_BOUND('',#1316,.T.);
#1442=FACE_BOUND('',#1317,.T.);
#1443=FACE_BOUND('',#1318,.T.);
#1444=FACE_BOUND('',#1319,.T.);
#1445=FACE_BOUND('',#1320,.T.);
#1446=FACE_BOUND('',#1321,.T.);
#1447=FACE_BOUND('',#1322,.T.);
#1448=FACE_BOUND('',#1323,.T.);
#1449=FACE_BOUND('',#1324,.T.);
#1450=FACE_BOUND('',#1325,.T.);
#1451=FACE_BOUND('',#1326,.T.);
#1452=FACE_BOUND('',#1327,.T.);
#1453=FACE_BOUND('',#1328,.T.);
#1454=FACE_BOUND('',#1329,.T.);
#1455=FACE_BOUND('',#1330,.T.);
#1456=FACE_BOUND('',#1331,.T.);
#1457=FACE_BOUND('',#1332,.T.);
#1458=FACE_BOUND('',#1333,.T.);
#1459=FACE_BOUND('',#1334,.T.);
#1460=FACE_BOUND('',#1335,.T.);
#1461=FACE_BOUND('',#1336,.T.);
#1462=FACE_BOUND('',#27,.T.);
#1463=PLANE('',#1787);
#1464=PLANE('',#1796);
#1465=PLANE('',#1800);
#1466=PLANE('',#1804);
#1467=PLANE('',#1805);
#1468=PLANE('',#1810);
#1469=PLANE('',#1822);
#1470=PLANE('',#1847);
#1471=PLANE('',#1850);
#1472=PLANE('',#1852);
#1473=PLANE('',#1853);
#1474=PLANE('',#1854);
#1475=PLANE('',#1855);
#1476=PLANE('',#1856);
#1477=PLANE('',#1857);
#1478=PLANE('',#1905);
#1479=PLANE('',#1906);
#1480=PLANE('',#1907);
#1481=PLANE('',#1908);
#1482=PLANE('',#1909);
#1483=PLANE('',#1910);
#1484=PLANE('',#1956);
#1485=PLANE('',#1957);
#1486=PLANE('',#1958);
#1487=PLANE('',#1959);
#1488=PLANE('',#1960);
#1489=PLANE('',#1961);
#1490=PLANE('',#1979);
#1491=PLANE('',#1980);
#1492=PLANE('',#1981);
#1493=PLANE('',#1982);
#1494=PLANE('',#1983);
#1495=PLANE('',#1984);
#1496=PLANE('',#2005);
#1497=OVER_RIDING_STYLED_ITEM('',(#1643),#1508,#1634);
#1498=OVER_RIDING_STYLED_ITEM('',(#1644),#1516,#1634);
#1499=OVER_RIDING_STYLED_ITEM('',(#1645),#1520,#1634);
#1500=OVER_RIDING_STYLED_ITEM('',(#1646),#1521,#1634);
#1501=OVER_RIDING_STYLED_ITEM('',(#1647),#1522,#1634);
#1502=OVER_RIDING_STYLED_ITEM('',(#1648),#1523,#1634);
#1503=OVER_RIDING_STYLED_ITEM('',(#1649),#1524,#1634);
#1504=OVER_RIDING_STYLED_ITEM('',(#1650),#1537,#1634);
#1505=OVER_RIDING_STYLED_ITEM('',(#1651),#1538,#1634);
#1506=OVER_RIDING_STYLED_ITEM('',(#1652),#1539,#1634);
#1507=OVER_RIDING_STYLED_ITEM('',(#1653),#1540,#1634);
#1508=ADVANCED_FACE('Face appearance 2',(#1337,#1338),#1463,.T.);
#1509=ADVANCED_FACE('',(#1339,#1340),#116,.T.);
#1510=ADVANCED_FACE('',(#1341),#62,.T.);
#1511=ADVANCED_FACE('',(#1342),#1464,.F.);
#1512=ADVANCED_FACE('',(#1343),#1465,.T.);
#1513=ADVANCED_FACE('',(#1344,#1345),#1466,.T.);
#1514=ADVANCED_FACE('',(#1346,#1347),#1467,.F.);
#1515=ADVANCED_FACE('',(#1348),#117,.T.);
#1516=ADVANCED_FACE('Face appearance 1',(#1349,#1350),#63,.T.);
#1517=ADVANCED_FACE('',(#1351,#1352),#1468,.F.);
#1518=ADVANCED_FACE('',(#1353),#64,.T.);
#1519=ADVANCED_FACE('',(#1354),#65,.T.);
#1520=ADVANCED_FACE('Face appearance 2',(#1355,#1356),#66,.T.);
#1521=ADVANCED_FACE('Face appearance 2',(#1357),#67,.T.);
#1522=ADVANCED_FACE('Face appearance 2',(#1358),#1469,.F.);
#1523=ADVANCED_FACE('Face appearance 2',(#1359),#44,.T.);
#1524=ADVANCED_FACE('Face appearance 2',(#1360),#45,.T.);
#1525=ADVANCED_FACE('',(#1361),#46,.T.);
#1526=ADVANCED_FACE('',(#1362),#68,.T.);
#1527=ADVANCED_FACE('',(#1363),#69,.T.);
#1528=ADVANCED_FACE('',(#1364),#47,.T.);
#1529=ADVANCED_FACE('',(#1365),#48,.T.);
#1530=ADVANCED_FACE('',(#1366),#70,.T.);
#1531=ADVANCED_FACE('',(#1367),#49,.T.);
#1532=ADVANCED_FACE('',(#1368),#71,.T.);
#1533=ADVANCED_FACE('',(#1369),#72,.T.);
#1534=ADVANCED_FACE('',(#1370),#50,.T.);
#1535=ADVANCED_FACE('',(#1371),#51,.T.);
#1536=ADVANCED_FACE('',(#1372),#73,.T.);
#1537=ADVANCED_FACE('Face appearance 1',(#1373),#118,.T.);
#1538=ADVANCED_FACE('Face appearance 3',(#1374),#1470,.T.);
#1539=ADVANCED_FACE('Face appearance 3',(#1375),#74,.T.);
#1540=ADVANCED_FACE('Face appearance 3',(#1376),#1471,.T.);
#1541=ADVANCED_FACE('',(#1377),#1472,.F.);
#1542=ADVANCED_FACE('',(#1378),#1473,.F.);
#1543=ADVANCED_FACE('',(#1379),#1474,.F.);
#1544=ADVANCED_FACE('',(#1380),#1475,.F.);
#1545=ADVANCED_FACE('',(#1381),#1476,.T.);
#1546=ADVANCED_FACE('',(#1382),#1477,.F.);
#1547=ADVANCED_FACE('',(#1383),#75,.T.);
#1548=ADVANCED_FACE('',(#1384),#119,.T.);
#1549=ADVANCED_FACE('',(#1385),#120,.T.);
#1550=ADVANCED_FACE('',(#1386),#76,.T.);
#1551=ADVANCED_FACE('',(#1387),#77,.T.);
#1552=ADVANCED_FACE('',(#1388),#78,.T.);
#1553=ADVANCED_FACE('',(#1389),#79,.T.);
#1554=ADVANCED_FACE('',(#1390),#80,.T.);
#1555=ADVANCED_FACE('',(#1391),#81,.T.);
#1556=ADVANCED_FACE('',(#1392),#121,.T.);
#1557=ADVANCED_FACE('',(#1393),#122,.T.);
#1558=ADVANCED_FACE('',(#1394),#123,.T.);
#1559=ADVANCED_FACE('',(#1395),#124,.T.);
#1560=ADVANCED_FACE('',(#1396),#82,.T.);
#1561=ADVANCED_FACE('',(#1397),#83,.T.);
#1562=ADVANCED_FACE('',(#1398),#84,.T.);
#1563=ADVANCED_FACE('',(#1399),#85,.T.);
#1564=ADVANCED_FACE('',(#1400),#125,.T.);
#1565=ADVANCED_FACE('',(#1401),#126,.T.);
#1566=ADVANCED_FACE('',(#1402),#86,.T.);
#1567=ADVANCED_FACE('',(#1403),#127,.T.);
#1568=ADVANCED_FACE('',(#1404),#1478,.F.);
#1569=ADVANCED_FACE('',(#1405),#1479,.F.);
#1570=ADVANCED_FACE('',(#1406),#1480,.F.);
#1571=ADVANCED_FACE('',(#1407),#1481,.F.);
#1572=ADVANCED_FACE('',(#1408),#1482,.T.);
#1573=ADVANCED_FACE('',(#1409),#1483,.F.);
#1574=ADVANCED_FACE('',(#1410),#87,.T.);
#1575=ADVANCED_FACE('',(#1411),#128,.T.);
#1576=ADVANCED_FACE('',(#1412),#129,.T.);
#1577=ADVANCED_FACE('',(#1413),#88,.T.);
#1578=ADVANCED_FACE('',(#1414),#89,.T.);
#1579=ADVANCED_FACE('',(#1415),#90,.T.);
#1580=ADVANCED_FACE('',(#1416),#91,.T.);
#1581=ADVANCED_FACE('',(#1417),#92,.T.);
#1582=ADVANCED_FACE('',(#1418),#93,.T.);
#1583=ADVANCED_FACE('',(#1419),#130,.T.);
#1584=ADVANCED_FACE('',(#1420),#131,.T.);
#1585=ADVANCED_FACE('',(#1421),#132,.T.);
#1586=ADVANCED_FACE('',(#1422),#133,.T.);
#1587=ADVANCED_FACE('',(#1423),#94,.T.);
#1588=ADVANCED_FACE('',(#1424),#95,.T.);
#1589=ADVANCED_FACE('',(#1425),#96,.T.);
#1590=ADVANCED_FACE('',(#1426),#97,.T.);
#1591=ADVANCED_FACE('',(#1427),#134,.T.);
#1592=ADVANCED_FACE('',(#1428),#135,.T.);
#1593=ADVANCED_FACE('',(#1429),#98,.T.);
#1594=ADVANCED_FACE('',(#1430),#1484,.T.);
#1595=ADVANCED_FACE('',(#1431),#1485,.F.);
#1596=ADVANCED_FACE('',(#1432),#1486,.F.);
#1597=ADVANCED_FACE('',(#1433),#1487,.T.);
#1598=ADVANCED_FACE('',(#1434),#1488,.T.);
#1599=ADVANCED_FACE('',(#1435),#1489,.F.);
#1600=ADVANCED_FACE('',(#1436),#99,.T.);
#1601=ADVANCED_FACE('',(#1437),#100,.T.);
#1602=ADVANCED_FACE('',(#1438),#101,.T.);
#1603=ADVANCED_FACE('',(#1439),#102,.T.);
#1604=ADVANCED_FACE('',(#1440),#103,.T.);
#1605=ADVANCED_FACE('',(#1441),#104,.T.);
#1606=ADVANCED_FACE('',(#1442),#105,.T.);
#1607=ADVANCED_FACE('',(#1443),#106,.T.);
#1608=ADVANCED_FACE('',(#1444),#1490,.T.);
#1609=ADVANCED_FACE('',(#1445),#1491,.F.);
#1610=ADVANCED_FACE('',(#1446),#1492,.F.);
#1611=ADVANCED_FACE('',(#1447),#1493,.T.);
#1612=ADVANCED_FACE('',(#1448),#1494,.T.);
#1613=ADVANCED_FACE('',(#1449),#1495,.F.);
#1614=ADVANCED_FACE('',(#1450),#107,.T.);
#1615=ADVANCED_FACE('',(#1451),#108,.T.);
#1616=ADVANCED_FACE('',(#1452),#109,.T.);
#1617=ADVANCED_FACE('',(#1453),#110,.T.);
#1618=ADVANCED_FACE('',(#1454),#111,.T.);
#1619=ADVANCED_FACE('',(#1455),#112,.T.);
#1620=ADVANCED_FACE('',(#1456),#113,.T.);
#1621=ADVANCED_FACE('',(#1457),#114,.T.);
#1622=ADVANCED_FACE('',(#1458,#1459),#115,.T.);
#1623=ADVANCED_FACE('',(#1460),#1496,.F.);
#1624=ADVANCED_FACE('',(#1461),#136,.T.);
#1625=ADVANCED_FACE('',(#1462),#137,.T.);
#1626=CLOSED_SHELL('',(#1508,#1509,#1510,#1511,#1512,#1513,#1514,#1515,
#1516,#1517,#1518,#1519,#1520,#1521,#1522,#1523,#1524,#1525,#1526,#1527,
#1528,#1529,#1530,#1531,#1532,#1533,#1534,#1535,#1536,#1537,#1538,#1539,
#1540));
#1627=CLOSED_SHELL('',(#1541,#1542,#1543,#1544,#1545,#1546,#1547,#1548,
#1549,#1550,#1551,#1552,#1553,#1554,#1555,#1556,#1557,#1558,#1559,#1560,
#1561,#1562,#1563,#1564,#1565,#1566));
#1628=CLOSED_SHELL('',(#1567));
#1629=CLOSED_SHELL('',(#1568,#1569,#1570,#1571,#1572,#1573,#1574,#1575,
#1576,#1577,#1578,#1579,#1580,#1581,#1582,#1583,#1584,#1585,#1586,#1587,
#1588,#1589,#1590,#1591,#1592,#1593));
#1630=CLOSED_SHELL('',(#1594,#1595,#1596,#1597,#1598,#1599,#1600,#1601,
#1602,#1603,#1604,#1605,#1606,#1607));
#1631=CLOSED_SHELL('',(#1608,#1609,#1610,#1611,#1612,#1613,#1614,#1615,
#1616,#1617,#1618,#1619,#1620,#1621));
#1632=CLOSED_SHELL('',(#1622,#1623,#1624));
#1633=CLOSED_SHELL('',(#1625));
#1634=STYLED_ITEM('',(#1642),#1762);
#1635=STYLED_ITEM('',(#1654),#1763);
#1636=STYLED_ITEM('',(#1655),#1764);
#1637=STYLED_ITEM('',(#1656),#1765);
#1638=STYLED_ITEM('',(#1657),#1766);
#1639=STYLED_ITEM('',(#1658),#1767);
#1640=STYLED_ITEM('',(#1659),#1768);
#1641=STYLED_ITEM('',(#1660),#1769);
#1642=PRESENTATION_STYLE_ASSIGNMENT((#1661));
#1643=PRESENTATION_STYLE_ASSIGNMENT((#1662));
#1644=PRESENTATION_STYLE_ASSIGNMENT((#1663));
#1645=PRESENTATION_STYLE_ASSIGNMENT((#1664));
#1646=PRESENTATION_STYLE_ASSIGNMENT((#1665));
#1647=PRESENTATION_STYLE_ASSIGNMENT((#1666));
#1648=PRESENTATION_STYLE_ASSIGNMENT((#1667));
#1649=PRESENTATION_STYLE_ASSIGNMENT((#1668));
#1650=PRESENTATION_STYLE_ASSIGNMENT((#1669));
#1651=PRESENTATION_STYLE_ASSIGNMENT((#1670));
#1652=PRESENTATION_STYLE_ASSIGNMENT((#1671));
#1653=PRESENTATION_STYLE_ASSIGNMENT((#1672));
#1654=PRESENTATION_STYLE_ASSIGNMENT((#1673));
#1655=PRESENTATION_STYLE_ASSIGNMENT((#1674));
#1656=PRESENTATION_STYLE_ASSIGNMENT((#1675));
#1657=PRESENTATION_STYLE_ASSIGNMENT((#1676));
#1658=PRESENTATION_STYLE_ASSIGNMENT((#1677));
#1659=PRESENTATION_STYLE_ASSIGNMENT((#1678));
#1660=PRESENTATION_STYLE_ASSIGNMENT((#1679));
#1661=SURFACE_STYLE_USAGE(.BOTH.,#1680);
#1662=SURFACE_STYLE_USAGE(.BOTH.,#1681);
#1663=SURFACE_STYLE_USAGE(.BOTH.,#1682);
#1664=SURFACE_STYLE_USAGE(.BOTH.,#1683);
#1665=SURFACE_STYLE_USAGE(.BOTH.,#1684);
#1666=SURFACE_STYLE_USAGE(.BOTH.,#1685);
#1667=SURFACE_STYLE_USAGE(.BOTH.,#1686);
#1668=SURFACE_STYLE_USAGE(.BOTH.,#1687);
#1669=SURFACE_STYLE_USAGE(.BOTH.,#1688);
#1670=SURFACE_STYLE_USAGE(.BOTH.,#1689);
#1671=SURFACE_STYLE_USAGE(.BOTH.,#1690);
#1672=SURFACE_STYLE_USAGE(.BOTH.,#1691);
#1673=SURFACE_STYLE_USAGE(.BOTH.,#1692);
#1674=SURFACE_STYLE_USAGE(.BOTH.,#1693);
#1675=SURFACE_STYLE_USAGE(.BOTH.,#1694);
#1676=SURFACE_STYLE_USAGE(.BOTH.,#1695);
#1677=SURFACE_STYLE_USAGE(.BOTH.,#1696);
#1678=SURFACE_STYLE_USAGE(.BOTH.,#1697);
#1679=SURFACE_STYLE_USAGE(.BOTH.,#1698);
#1680=SURFACE_SIDE_STYLE('',(#1699));
#1681=SURFACE_SIDE_STYLE('',(#1700));
#1682=SURFACE_SIDE_STYLE('',(#1701));
#1683=SURFACE_SIDE_STYLE('',(#1702));
#1684=SURFACE_SIDE_STYLE('',(#1703));
#1685=SURFACE_SIDE_STYLE('',(#1704));
#1686=SURFACE_SIDE_STYLE('',(#1705));
#1687=SURFACE_SIDE_STYLE('',(#1706));
#1688=SURFACE_SIDE_STYLE('',(#1707));
#1689=SURFACE_SIDE_STYLE('',(#1708));
#1690=SURFACE_SIDE_STYLE('',(#1709));
#1691=SURFACE_SIDE_STYLE('',(#1710));
#1692=SURFACE_SIDE_STYLE('',(#1711));
#1693=SURFACE_SIDE_STYLE('',(#1712));
#1694=SURFACE_SIDE_STYLE('',(#1713));
#1695=SURFACE_SIDE_STYLE('',(#1714));
#1696=SURFACE_SIDE_STYLE('',(#1715));
#1697=SURFACE_SIDE_STYLE('',(#1716));
#1698=SURFACE_SIDE_STYLE('',(#1717));
#1699=SURFACE_STYLE_FILL_AREA(#1718);
#1700=SURFACE_STYLE_FILL_AREA(#1719);
#1701=SURFACE_STYLE_FILL_AREA(#1720);
#1702=SURFACE_STYLE_FILL_AREA(#1721);
#1703=SURFACE_STYLE_FILL_AREA(#1722);
#1704=SURFACE_STYLE_FILL_AREA(#1723);
#1705=SURFACE_STYLE_FILL_AREA(#1724);
#1706=SURFACE_STYLE_FILL_AREA(#1725);
#1707=SURFACE_STYLE_FILL_AREA(#1726);
#1708=SURFACE_STYLE_FILL_AREA(#1727);
#1709=SURFACE_STYLE_FILL_AREA(#1728);
#1710=SURFACE_STYLE_FILL_AREA(#1729);
#1711=SURFACE_STYLE_FILL_AREA(#1730);
#1712=SURFACE_STYLE_FILL_AREA(#1731);
#1713=SURFACE_STYLE_FILL_AREA(#1732);
#1714=SURFACE_STYLE_FILL_AREA(#1733);
#1715=SURFACE_STYLE_FILL_AREA(#1734);
#1716=SURFACE_STYLE_FILL_AREA(#1735);
#1717=SURFACE_STYLE_FILL_AREA(#1736);
#1718=FILL_AREA_STYLE('',(#1737));
#1719=FILL_AREA_STYLE('',(#1738));
#1720=FILL_AREA_STYLE('',(#1739));
#1721=FILL_AREA_STYLE('',(#1740));
#1722=FILL_AREA_STYLE('',(#1741));
#1723=FILL_AREA_STYLE('',(#1742));
#1724=FILL_AREA_STYLE('',(#1743));
#1725=FILL_AREA_STYLE('',(#1744));
#1726=FILL_AREA_STYLE('',(#1745));
#1727=FILL_AREA_STYLE('',(#1746));
#1728=FILL_AREA_STYLE('',(#1747));
#1729=FILL_AREA_STYLE('',(#1748));
#1730=FILL_AREA_STYLE('',(#1749));
#1731=FILL_AREA_STYLE('',(#1750));
#1732=FILL_AREA_STYLE('',(#1751));
#1733=FILL_AREA_STYLE('',(#1752));
#1734=FILL_AREA_STYLE('',(#1753));
#1735=FILL_AREA_STYLE('',(#1754));
#1736=FILL_AREA_STYLE('',(#1755));
#1737=FILL_AREA_STYLE_COLOUR('',#1756);
#1738=FILL_AREA_STYLE_COLOUR('',#1757);
#1739=FILL_AREA_STYLE_COLOUR('',#1758);
#1740=FILL_AREA_STYLE_COLOUR('',#1757);
#1741=FILL_AREA_STYLE_COLOUR('',#1757);
#1742=FILL_AREA_STYLE_COLOUR('',#1757);
#1743=FILL_AREA_STYLE_COLOUR('',#1757);
#1744=FILL_AREA_STYLE_COLOUR('',#1757);
#1745=FILL_AREA_STYLE_COLOUR('',#1758);
#1746=FILL_AREA_STYLE_COLOUR('',#1759);
#1747=FILL_AREA_STYLE_COLOUR('',#1759);
#1748=FILL_AREA_STYLE_COLOUR('',#1759);
#1749=FILL_AREA_STYLE_COLOUR('',#1760);
#1750=FILL_AREA_STYLE_COLOUR('',#1761);
#1751=FILL_AREA_STYLE_COLOUR('',#1760);
#1752=FILL_AREA_STYLE_COLOUR('',#1761);
#1753=FILL_AREA_STYLE_COLOUR('',#1761);
#1754=FILL_AREA_STYLE_COLOUR('',#1758);
#1755=FILL_AREA_STYLE_COLOUR('',#1761);
#1756=COLOUR_RGB('',0.713725490196078,0.76078431372549,0.8);
#1757=COLOUR_RGB('',0.615686274509804,0.811764705882353,0.929411764705882);
#1758=COLOUR_RGB('',0.325490196078431,0.529411764705882,0.752941176470588);
#1759=COLOUR_RGB('',0.866666666666667,0.32156862745098,0.156862745098039);
#1760=COLOUR_RGB('',0.8,0.749019607843137,0.913725490196078);
#1761=COLOUR_RGB('',0.262745098039216,0.282352941176471,0.301960784313725);
#1762=MANIFOLD_SOLID_BREP('Part 5',#1626);
#1763=MANIFOLD_SOLID_BREP('Part 3',#1627);
#1764=MANIFOLD_SOLID_BREP('Part 7',#1628);
#1765=MANIFOLD_SOLID_BREP('Part 4',#1629);
#1766=MANIFOLD_SOLID_BREP('Part 1',#1630);
#1767=MANIFOLD_SOLID_BREP('Part 2',#1631);
#1768=MANIFOLD_SOLID_BREP('Part 6',#1632);
#1769=MANIFOLD_SOLID_BREP('Part 8',#1633);
#1770=SHAPE_DEFINITION_REPRESENTATION(#3165,#1778);
#1771=SHAPE_DEFINITION_REPRESENTATION(#3166,#1779);
#1772=SHAPE_DEFINITION_REPRESENTATION(#3167,#1780);
#1773=SHAPE_DEFINITION_REPRESENTATION(#3168,#1781);
#1774=SHAPE_DEFINITION_REPRESENTATION(#3169,#1782);
#1775=SHAPE_DEFINITION_REPRESENTATION(#3170,#1783);
#1776=SHAPE_DEFINITION_REPRESENTATION(#3171,#1784);
#1777=SHAPE_DEFINITION_REPRESENTATION(#3172,#1785);
#1778=SHAPE_REPRESENTATION('Part 5',(#1786),#3125);
#1779=SHAPE_REPRESENTATION('Part 3',(#1851),#3126);
#1780=SHAPE_REPRESENTATION('Part 7',(#1902),#3127);
#1781=SHAPE_REPRESENTATION('Part 4',(#1904),#3128);
#1782=SHAPE_REPRESENTATION('Part 1',(#1955),#3129);
#1783=SHAPE_REPRESENTATION('Part 2',(#1978),#3130);
#1784=SHAPE_REPRESENTATION('Part 6',(#2001),#3131);
#1785=SHAPE_REPRESENTATION('Part 8',(#2007),#3132);
#1786=AXIS2_PLACEMENT_3D('',#2565,#2009,#2010);
#1787=AXIS2_PLACEMENT_3D('',#2566,#2011,#2012);
#1788=AXIS2_PLACEMENT_3D('',#2567,#2013,#2014);
#1789=AXIS2_PLACEMENT_3D('',#2572,#2016,#2017);
#1790=AXIS2_PLACEMENT_3D('',#2573,#2018,#2019);
#1791=AXIS2_PLACEMENT_3D('',#2574,#2020,#2021);
#1792=AXIS2_PLACEMENT_3D('',#2576,#2022,#2023);
#1793=AXIS2_PLACEMENT_3D('',#2578,#2024,#2025);
#1794=AXIS2_PLACEMENT_3D('',#2582,#2027,#2028);
#1795=AXIS2_PLACEMENT_3D('',#2586,#2030,#2031);
#1796=AXIS2_PLACEMENT_3D('',#2587,#2032,#2033);
#1797=AXIS2_PLACEMENT_3D('',#2591,#2035,#2036);
#1798=AXIS2_PLACEMENT_3D('',#2595,#2038,#2039);
#1799=AXIS2_PLACEMENT_3D('',#2599,#2041,#2042);
#1800=AXIS2_PLACEMENT_3D('',#2600,#2043,#2044);
#1801=AXIS2_PLACEMENT_3D('',#2604,#2046,#2047);
#1802=AXIS2_PLACEMENT_3D('',#2608,#2049,#2050);
#1803=AXIS2_PLACEMENT_3D('',#2612,#2052,#2053);
#1804=AXIS2_PLACEMENT_3D('',#2613,#2054,#2055);
#1805=AXIS2_PLACEMENT_3D('',#2619,#2059,#2060);
#1806=AXIS2_PLACEMENT_3D('',#2620,#2061,#2062);
#1807=AXIS2_PLACEMENT_3D('',#2627,#2066,#2067);
#1808=AXIS2_PLACEMENT_3D('',#2628,#2068,#2069);
#1809=AXIS2_PLACEMENT_3D('',#2629,#2070,#2071);
#1810=AXIS2_PLACEMENT_3D('',#2631,#2072,#2073);
#1811=AXIS2_PLACEMENT_3D('',#2632,#2074,#2075);
#1812=AXIS2_PLACEMENT_3D('',#2642,#2080,#2081);
#1813=AXIS2_PLACEMENT_3D('',#2643,#2082,#2083);
#1814=AXIS2_PLACEMENT_3D('',#2644,#2084,#2085);
#1815=AXIS2_PLACEMENT_3D('',#2645,#2086,#2087);
#1816=AXIS2_PLACEMENT_3D('',#2646,#2088,#2089);
#1817=AXIS2_PLACEMENT_3D('',#2647,#2090,#2091);
#1818=AXIS2_PLACEMENT_3D('',#2648,#2092,#2093);
#1819=AXIS2_PLACEMENT_3D('',#2722,#2094,#2095);
#1820=AXIS2_PLACEMENT_3D('',#2723,#2096,#2097);
#1821=AXIS2_PLACEMENT_3D('',#2724,#2098,#2099);
#1822=AXIS2_PLACEMENT_3D('',#2725,#2100,#2101);
#1823=AXIS2_PLACEMENT_3D('',#2726,#2102,#2103);
#1824=AXIS2_PLACEMENT_3D('',#2727,#2104,#2105);
#1825=AXIS2_PLACEMENT_3D('',#2728,#2106,#2107);
#1826=AXIS2_PLACEMENT_3D('',#2729,#2108,#2109);
#1827=AXIS2_PLACEMENT_3D('',#2730,#2110,#2111);
#1828=AXIS2_PLACEMENT_3D('',#2731,#2112,#2113);
#1829=AXIS2_PLACEMENT_3D('',#2732,#2114,#2115);
#1830=AXIS2_PLACEMENT_3D('',#2733,#2116,#2117);
#1831=AXIS2_PLACEMENT_3D('',#2734,#2118,#2119);
#1832=AXIS2_PLACEMENT_3D('',#2742,#2120,#2121);
#1833=AXIS2_PLACEMENT_3D('',#2743,#2122,#2123);
#1834=AXIS2_PLACEMENT_3D('',#2744,#2124,#2125);
#1835=AXIS2_PLACEMENT_3D('',#2752,#2126,#2127);
#1836=AXIS2_PLACEMENT_3D('',#2753,#2128,#2129);
#1837=AXIS2_PLACEMENT_3D('',#2754,#2130,#2131);
#1838=AXIS2_PLACEMENT_3D('',#2755,#2132,#2133);
#1839=AXIS2_PLACEMENT_3D('',#2756,#2134,#2135);
#1840=AXIS2_PLACEMENT_3D('',#2757,#2136,#2137);
#1841=AXIS2_PLACEMENT_3D('',#2758,#2138,#2139);
#1842=AXIS2_PLACEMENT_3D('',#2766,#2140,#2141);
#1843=AXIS2_PLACEMENT_3D('',#2767,#2142,#2143);
#1844=AXIS2_PLACEMENT_3D('',#2768,#2144,#2145);
#1845=AXIS2_PLACEMENT_3D('',#2776,#2146,#2147);
#1846=AXIS2_PLACEMENT_3D('',#2777,#2148,#2149);
#1847=AXIS2_PLACEMENT_3D('',#2778,#2150,#2151);
#1848=AXIS2_PLACEMENT_3D('',#2784,#2155,#2156);
#1849=AXIS2_PLACEMENT_3D('',#2785,#2157,#2158);
#1850=AXIS2_PLACEMENT_3D('',#2786,#2159,#2160);
#1851=AXIS2_PLACEMENT_3D('',#2787,#2161,#2162);
#1852=AXIS2_PLACEMENT_3D('',#2788,#2163,#2164);
#1853=AXIS2_PLACEMENT_3D('',#2797,#2169,#2170);
#1854=AXIS2_PLACEMENT_3D('',#2806,#2175,#2176);
#1855=AXIS2_PLACEMENT_3D('',#2815,#2181,#2182);
#1856=AXIS2_PLACEMENT_3D('',#2824,#2187,#2188);
#1857=AXIS2_PLACEMENT_3D('',#2833,#2193,#2194);
#1858=AXIS2_PLACEMENT_3D('',#2842,#2199,#2200);
#1859=AXIS2_PLACEMENT_3D('',#2843,#2201,#2202);
#1860=AXIS2_PLACEMENT_3D('',#2844,#2203,#2204);
#1861=AXIS2_PLACEMENT_3D('',#2845,#2205,#2206);
#1862=AXIS2_PLACEMENT_3D('',#2846,#2207,#2208);
#1863=AXIS2_PLACEMENT_3D('',#2847,#2209,#2210);
#1864=AXIS2_PLACEMENT_3D('',#2848,#2211,#2212);
#1865=AXIS2_PLACEMENT_3D('',#2849,#2213,#2214);
#1866=AXIS2_PLACEMENT_3D('',#2850,#2215,#2216);
#1867=AXIS2_PLACEMENT_3D('',#2851,#2217,#2218);
#1868=AXIS2_PLACEMENT_3D('',#2852,#2219,#2220);
#1869=AXIS2_PLACEMENT_3D('',#2853,#2221,#2222);
#1870=AXIS2_PLACEMENT_3D('',#2854,#2223,#2224);
#1871=AXIS2_PLACEMENT_3D('',#2855,#2225,#2226);
#1872=AXIS2_PLACEMENT_3D('',#2856,#2227,#2228);
#1873=AXIS2_PLACEMENT_3D('',#2857,#2229,#2230);
#1874=AXIS2_PLACEMENT_3D('',#2858,#2231,#2232);
#1875=AXIS2_PLACEMENT_3D('',#2859,#2233,#2234);
#1876=AXIS2_PLACEMENT_3D('',#2860,#2235,#2236);
#1877=AXIS2_PLACEMENT_3D('',#2861,#2237,#2238);
#1878=AXIS2_PLACEMENT_3D('',#2862,#2239,#2240);
#1879=AXIS2_PLACEMENT_3D('',#2863,#2241,#2242);
#1880=AXIS2_PLACEMENT_3D('',#2864,#2243,#2244);
#1881=AXIS2_PLACEMENT_3D('',#2865,#2245,#2246);
#1882=AXIS2_PLACEMENT_3D('',#2866,#2247,#2248);
#1883=AXIS2_PLACEMENT_3D('',#2867,#2249,#2250);
#1884=AXIS2_PLACEMENT_3D('',#2868,#2251,#2252);
#1885=AXIS2_PLACEMENT_3D('',#2869,#2253,#2254);
#1886=AXIS2_PLACEMENT_3D('',#2870,#2255,#2256);
#1887=AXIS2_PLACEMENT_3D('',#2871,#2257,#2258);
#1888=AXIS2_PLACEMENT_3D('',#2872,#2259,#2260);
#1889=AXIS2_PLACEMENT_3D('',#2873,#2261,#2262);
#1890=AXIS2_PLACEMENT_3D('',#2874,#2263,#2264);
#1891=AXIS2_PLACEMENT_3D('',#2875,#2265,#2266);
#1892=AXIS2_PLACEMENT_3D('',#2876,#2267,#2268);
#1893=AXIS2_PLACEMENT_3D('',#2877,#2269,#2270);
#1894=AXIS2_PLACEMENT_3D('',#2878,#2271,#2272);
#1895=AXIS2_PLACEMENT_3D('',#2879,#2273,#2274);
#1896=AXIS2_PLACEMENT_3D('',#2880,#2275,#2276);
#1897=AXIS2_PLACEMENT_3D('',#2881,#2277,#2278);
#1898=AXIS2_PLACEMENT_3D('',#2882,#2279,#2280);
#1899=AXIS2_PLACEMENT_3D('',#2883,#2281,#2282);
#1900=AXIS2_PLACEMENT_3D('',#2884,#2283,#2284);
#1901=AXIS2_PLACEMENT_3D('',#2885,#2285,#2286);
#1902=AXIS2_PLACEMENT_3D('',#2886,#2287,#2288);
#1903=AXIS2_PLACEMENT_3D('',#2887,#2289,#2290);
#1904=AXIS2_PLACEMENT_3D('',#2889,#2291,#2292);
#1905=AXIS2_PLACEMENT_3D('',#2890,#2293,#2294);
#1906=AXIS2_PLACEMENT_3D('',#2899,#2299,#2300);
#1907=AXIS2_PLACEMENT_3D('',#2908,#2305,#2306);
#1908=AXIS2_PLACEMENT_3D('',#2917,#2311,#2312);
#1909=AXIS2_PLACEMENT_3D('',#2926,#2317,#2318);
#1910=AXIS2_PLACEMENT_3D('',#2935,#2323,#2324);
#1911=AXIS2_PLACEMENT_3D('',#2944,#2329,#2330);
#1912=AXIS2_PLACEMENT_3D('',#2945,#2331,#2332);
#1913=AXIS2_PLACEMENT_3D('',#2946,#2333,#2334);
#1914=AXIS2_PLACEMENT_3D('',#2947,#2335,#2336);
#1915=AXIS2_PLACEMENT_3D('',#2948,#2337,#2338);
#1916=AXIS2_PLACEMENT_3D('',#2949,#2339,#2340);
#1917=AXIS2_PLACEMENT_3D('',#2950,#2341,#2342);
#1918=AXIS2_PLACEMENT_3D('',#2951,#2343,#2344);
#1919=AXIS2_PLACEMENT_3D('',#2952,#2345,#2346);
#1920=AXIS2_PLACEMENT_3D('',#2953,#2347,#2348);
#1921=AXIS2_PLACEMENT_3D('',#2954,#2349,#2350);
#1922=AXIS2_PLACEMENT_3D('',#2955,#2351,#2352);
#1923=AXIS2_PLACEMENT_3D('',#2956,#2353,#2354);
#1924=AXIS2_PLACEMENT_3D('',#2957,#2355,#2356);
#1925=AXIS2_PLACEMENT_3D('',#2958,#2357,#2358);
#1926=AXIS2_PLACEMENT_3D('',#2959,#2359,#2360);
#1927=AXIS2_PLACEMENT_3D('',#2960,#2361,#2362);
#1928=AXIS2_PLACEMENT_3D('',#2961,#2363,#2364);
#1929=AXIS2_PLACEMENT_3D('',#2962,#2365,#2366);
#1930=AXIS2_PLACEMENT_3D('',#2963,#2367,#2368);
#1931=AXIS2_PLACEMENT_3D('',#2964,#2369,#2370);
#1932=AXIS2_PLACEMENT_3D('',#2965,#2371,#2372);
#1933=AXIS2_PLACEMENT_3D('',#2966,#2373,#2374);
#1934=AXIS2_PLACEMENT_3D('',#2967,#2375,#2376);
#1935=AXIS2_PLACEMENT_3D('',#2968,#2377,#2378);
#1936=AXIS2_PLACEMENT_3D('',#2969,#2379,#2380);
#1937=AXIS2_PLACEMENT_3D('',#2970,#2381,#2382);
#1938=AXIS2_PLACEMENT_3D('',#2971,#2383,#2384);
#1939=AXIS2_PLACEMENT_3D('',#2972,#2385,#2386);
#1940=AXIS2_PLACEMENT_3D('',#2973,#2387,#2388);
#1941=AXIS2_PLACEMENT_3D('',#2974,#2389,#2390);
#1942=AXIS2_PLACEMENT_3D('',#2975,#2391,#2392);
#1943=AXIS2_PLACEMENT_3D('',#2976,#2393,#2394);
#1944=AXIS2_PLACEMENT_3D('',#2977,#2395,#2396);
#1945=AXIS2_PLACEMENT_3D('',#2978,#2397,#2398);
#1946=AXIS2_PLACEMENT_3D('',#2979,#2399,#2400);
#1947=AXIS2_PLACEMENT_3D('',#2980,#2401,#2402);
#1948=AXIS2_PLACEMENT_3D('',#2981,#2403,#2404);
#1949=AXIS2_PLACEMENT_3D('',#2982,#2405,#2406);
#1950=AXIS2_PLACEMENT_3D('',#2983,#2407,#2408);
#1951=AXIS2_PLACEMENT_3D('',#2984,#2409,#2410);
#1952=AXIS2_PLACEMENT_3D('',#2985,#2411,#2412);
#1953=AXIS2_PLACEMENT_3D('',#2986,#2413,#2414);
#1954=AXIS2_PLACEMENT_3D('',#2987,#2415,#2416);
#1955=AXIS2_PLACEMENT_3D('',#2988,#2417,#2418);
#1956=AXIS2_PLACEMENT_3D('',#2989,#2419,#2420);
#1957=AXIS2_PLACEMENT_3D('',#2998,#2425,#2426);
#1958=AXIS2_PLACEMENT_3D('',#3004,#2430,#2431);
#1959=AXIS2_PLACEMENT_3D('',#3010,#2435,#2436);
#1960=AXIS2_PLACEMENT_3D('',#3013,#2439,#2440);
#1961=AXIS2_PLACEMENT_3D('',#3022,#2445,#2446);
#1962=AXIS2_PLACEMENT_3D('',#3031,#2451,#2452);
#1963=AXIS2_PLACEMENT_3D('',#3032,#2453,#2454);
#1964=AXIS2_PLACEMENT_3D('',#3033,#2455,#2456);
#1965=AXIS2_PLACEMENT_3D('',#3034,#2457,#2458);
#1966=AXIS2_PLACEMENT_3D('',#3035,#2459,#2460);
#1967=AXIS2_PLACEMENT_3D('',#3036,#2461,#2462);
#1968=AXIS2_PLACEMENT_3D('',#3037,#2463,#2464);
#1969=AXIS2_PLACEMENT_3D('',#3038,#2465,#2466);
#1970=AXIS2_PLACEMENT_3D('',#3039,#2467,#2468);
#1971=AXIS2_PLACEMENT_3D('',#3040,#2469,#2470);
#1972=AXIS2_PLACEMENT_3D('',#3041,#2471,#2472);
#1973=AXIS2_PLACEMENT_3D('',#3042,#2473,#2474);
#1974=AXIS2_PLACEMENT_3D('',#3043,#2475,#2476);
#1975=AXIS2_PLACEMENT_3D('',#3044,#2477,#2478);
#1976=AXIS2_PLACEMENT_3D('',#3045,#2479,#2480);
#1977=AXIS2_PLACEMENT_3D('',#3046,#2481,#2482);
#1978=AXIS2_PLACEMENT_3D('',#3047,#2483,#2484);
#1979=AXIS2_PLACEMENT_3D('',#3048,#2485,#2486);
#1980=AXIS2_PLACEMENT_3D('',#3057,#2491,#2492);
#1981=AXIS2_PLACEMENT_3D('',#3063,#2496,#2497);
#1982=AXIS2_PLACEMENT_3D('',#3069,#2501,#2502);
#1983=AXIS2_PLACEMENT_3D('',#3072,#2505,#2506);
#1984=AXIS2_PLACEMENT_3D('',#3081,#2511,#2512);
#1985=AXIS2_PLACEMENT_3D('',#3090,#2517,#2518);
#1986=AXIS2_PLACEMENT_3D('',#3091,#2519,#2520);
#1987=AXIS2_PLACEMENT_3D('',#3092,#2521,#2522);
#1988=AXIS2_PLACEMENT_3D('',#3093,#2523,#2524);
#1989=AXIS2_PLACEMENT_3D('',#3094,#2525,#2526);
#1990=AXIS2_PLACEMENT_3D('',#3095,#2527,#2528);
#1991=AXIS2_PLACEMENT_3D('',#3096,#2529,#2530);
#1992=AXIS2_PLACEMENT_3D('',#3097,#2531,#2532);
#1993=AXIS2_PLACEMENT_3D('',#3098,#2533,#2534);
#1994=AXIS2_PLACEMENT_3D('',#3099,#2535,#2536);
#1995=AXIS2_PLACEMENT_3D('',#3100,#2537,#2538);
#1996=AXIS2_PLACEMENT_3D('',#3101,#2539,#2540);
#1997=AXIS2_PLACEMENT_3D('',#3102,#2541,#2542);
#1998=AXIS2_PLACEMENT_3D('',#3103,#2543,#2544);
#1999=AXIS2_PLACEMENT_3D('',#3104,#2545,#2546);
#2000=AXIS2_PLACEMENT_3D('',#3105,#2547,#2548);
#2001=AXIS2_PLACEMENT_3D('',#3106,#2549,#2550);
#2002=AXIS2_PLACEMENT_3D('',#3107,#2551,#2552);
#2003=AXIS2_PLACEMENT_3D('',#3108,#2553,#2554);
#2004=AXIS2_PLACEMENT_3D('',#3110,#2555,#2556);
#2005=AXIS2_PLACEMENT_3D('',#3112,#2557,#2558);
#2006=AXIS2_PLACEMENT_3D('',#3113,#2559,#2560);
#2007=AXIS2_PLACEMENT_3D('',#3114,#2561,#2562);
#2008=AXIS2_PLACEMENT_3D('',#3115,#2563,#2564);
#2009=DIRECTION('',(0.,0.,1.));
#2010=DIRECTION('',(1.,0.,0.));
#2011=DIRECTION('',(-9.10615997888088E-17,-1.,0.));
#2012=DIRECTION('',(1.,-9.10615997888088E-17,0.));
#2013=DIRECTION('',(-9.10615997888088E-17,-1.,0.));
#2014=DIRECTION('',(1.,-9.10615997888088E-17,0.));
#2015=DIRECTION('',(1.,-9.10615997888088E-17,0.));
#2016=DIRECTION('',(-9.10615997888088E-17,-1.,0.));
#2017=DIRECTION('',(1.,-9.10615997888088E-17,0.));
#2018=DIRECTION('',(0.,0.,1.));
#2019=DIRECTION('',(-9.10615997888088E-17,-1.,0.));
#2020=DIRECTION('',(1.,-9.10615997888088E-17,0.));
#2021=DIRECTION('',(9.10615997888088E-17,1.,0.));
#2022=DIRECTION('',(-1.,9.10615997888087E-17,0.));
#2023=DIRECTION('',(-9.10615997888088E-17,-1.,0.));
#2024=DIRECTION('',(-9.10615997888088E-17,-1.,0.));
#2025=DIRECTION('',(1.,-9.10615997888088E-17,0.));
#2026=DIRECTION('',(-9.10615997888088E-17,-1.,0.));
#2027=DIRECTION('',(-9.10615997888088E-17,-1.,0.));
#2028=DIRECTION('',(1.,-9.10615997888088E-17,0.));
#2029=DIRECTION('',(-9.10615997888088E-17,-1.,0.));
#2030=DIRECTION('',(-9.10615997888088E-17,-1.,0.));
#2031=DIRECTION('',(1.,-9.10615997888088E-17,0.));
#2032=DIRECTION('',(-9.10615997888088E-17,-1.,0.));
#2033=DIRECTION('',(1.,-9.10615997888088E-17,0.));
#2034=DIRECTION('',(1.,-9.10615997888088E-17,0.));
#2035=DIRECTION('',(-9.10615997888088E-17,-1.,0.));
#2036=DIRECTION('',(1.,-9.10615997888088E-17,0.));
#2037=DIRECTION('',(0.,0.,-1.));
#2038=DIRECTION('',(-9.10615997888088E-17,-1.,0.));
#2039=DIRECTION('',(1.,-9.10615997888088E-17,0.));
#2040=DIRECTION('',(0.,0.,-1.));
#2041=DIRECTION('',(-9.10615997888088E-17,-1.,0.));
#2042=DIRECTION('',(1.,-9.10615997888088E-17,0.));
#2043=DIRECTION('',(-9.10615997888088E-17,-1.,0.));
#2044=DIRECTION('',(1.,-9.10615997888088E-17,0.));
#2045=DIRECTION('',(0.,0.,-1.));
#2046=DIRECTION('',(-9.10615997888088E-17,-1.,0.));
#2047=DIRECTION('',(1.,-9.10615997888088E-17,0.));
#2048=DIRECTION('',(1.,-9.10615997888088E-17,0.));
#2049=DIRECTION('',(-9.10615997888088E-17,-1.,0.));
#2050=DIRECTION('',(1.,-9.10615997888088E-17,0.));
#2051=DIRECTION('',(0.,0.,-1.));
#2052=DIRECTION('',(-9.10615997888088E-17,-1.,0.));
#2053=DIRECTION('',(1.,-9.10615997888088E-17,0.));
#2054=DIRECTION('',(1.,-9.10615997888088E-17,0.));
#2055=DIRECTION('',(9.10615997888088E-17,1.,0.));
#2056=DIRECTION('',(-9.10615997888088E-17,-1.,0.));
#2057=DIRECTION('',(0.,0.,-1.));
#2058=DIRECTION('',(0.,0.,-1.));
#2059=DIRECTION('',(1.,-9.10615997888088E-17,0.));
#2060=DIRECTION('',(9.10615997888088E-17,1.,0.));
#2061=DIRECTION('',(1.,-9.10615997888088E-17,0.));
#2062=DIRECTION('',(9.10615997888088E-17,1.,0.));
#2063=DIRECTION('',(0.,0.,-1.));
#2064=DIRECTION('',(-9.10615997888088E-17,-1.,0.));
#2065=DIRECTION('',(0.,0.,-1.));
#2066=DIRECTION('',(0.,0.,1.));
#2067=DIRECTION('',(-9.10615997888088E-17,-1.,0.));
#2068=DIRECTION('',(-1.,9.10615997888088E-17,0.));
#2069=DIRECTION('',(-9.10615997888088E-17,-1.,0.));
#2070=DIRECTION('',(-1.,9.10615997888088E-17,0.));
#2071=DIRECTION('',(-9.10615997888088E-17,-1.,0.));
#2072=DIRECTION('',(0.,0.,-1.));
#2073=DIRECTION('',(-1.,0.,0.));
#2074=DIRECTION('',(0.,0.,1.));
#2075=DIRECTION('',(1.,0.,0.));
#2076=DIRECTION('',(-9.10615997888088E-17,-1.,0.));
#2077=DIRECTION('',(1.,-9.10615997888088E-17,0.));
#2078=DIRECTION('',(-9.10615997888088E-17,-1.,0.));
#2079=DIRECTION('',(1.,-9.10615997888088E-17,0.));
#2080=DIRECTION('',(-9.10615997888088E-17,-1.,0.));
#2081=DIRECTION('',(1.,-9.10615997888088E-17,0.));
#2082=DIRECTION('',(-9.10615997888088E-17,-1.,0.));
#2083=DIRECTION('',(1.,-9.10615997888088E-17,0.));
#2084=DIRECTION('',(-9.10615997888088E-17,-1.,0.));
#2085=DIRECTION('',(1.,-9.10615997888088E-17,0.));
#2086=DIRECTION('',(9.10615997888088E-17,1.,0.));
#2087=DIRECTION('',(-1.,9.10615997888088E-17,0.));
#2088=DIRECTION('',(-9.10615997888088E-17,-1.,0.));
#2089=DIRECTION('',(1.,-9.10615997888088E-17,0.));
#2090=DIRECTION('',(-9.10615997888088E-17,-1.,0.));
#2091=DIRECTION('',(1.,-9.10615997888088E-17,0.));
#2092=DIRECTION('',(0.,0.,-1.));
#2093=DIRECTION('',(-1.,0.,0.));
#2094=DIRECTION('',(-9.10615997888088E-17,-1.,0.));
#2095=DIRECTION('',(1.,-9.10615997888088E-17,0.));
#2096=DIRECTION('',(-9.10615997888088E-17,-1.,0.));
#2097=DIRECTION('',(1.,-9.10615997888088E-17,0.));
#2098=DIRECTION('',(-9.10615997888088E-17,-1.,0.));
#2099=DIRECTION('',(1.,-9.10615997888088E-17,0.));
#2100=DIRECTION('',(-9.10615997888088E-17,-1.,0.));
#2101=DIRECTION('',(1.,-9.10615997888088E-17,0.));
#2102=DIRECTION('',(-9.10615997888088E-17,-1.,0.));
#2103=DIRECTION('',(1.,-9.10615997888088E-17,0.));
#2104=DIRECTION('',(-9.10615997888088E-17,-1.,0.));
#2105=DIRECTION('',(1.,-9.10615997888088E-17,0.));
#2106=DIRECTION('',(-9.10615997888088E-17,-1.,0.));
#2107=DIRECTION('',(1.,-9.10615997888088E-17,0.));
#2108=DIRECTION('',(-9.10615997888088E-17,-1.,0.));
#2109=DIRECTION('',(1.,-9.10615997888088E-17,0.));
#2110=DIRECTION('',(0.,0.,-1.));
#2111=DIRECTION('',(-1.,0.,0.));
#2112=DIRECTION('',(1.,0.,0.));
#2113=DIRECTION('',(0.,0.,-1.));
#2114=DIRECTION('',(-1.,9.10615997888088E-17,0.));
#2115=DIRECTION('',(-9.10615997888088E-17,-1.,0.));
#2116=DIRECTION('',(1.,0.,0.));
#2117=DIRECTION('',(0.,0.,-1.));
#2118=DIRECTION('',(0.,0.,1.));
#2119=DIRECTION('',(1.,0.,0.));
#2120=DIRECTION('',(-9.10615997888088E-17,-1.,0.));
#2121=DIRECTION('',(1.,-9.10615997888088E-17,0.));
#2122=DIRECTION('',(0.,0.,-1.));
#2123=DIRECTION('',(-1.,0.,0.));
#2124=DIRECTION('',(-9.10615997888088E-17,-1.,0.));
#2125=DIRECTION('',(1.,-9.10615997888088E-17,0.));
#2126=DIRECTION('',(0.,0.,-1.));
#2127=DIRECTION('',(-1.,0.,0.));
#2128=DIRECTION('',(-9.10615997888088E-17,-1.,0.));
#2129=DIRECTION('',(1.,-9.10615997888088E-17,0.));
#2130=DIRECTION('',(0.,0.,-1.));
#2131=DIRECTION('',(-1.,0.,0.));
#2132=DIRECTION('',(-1.,0.,0.));
#2133=DIRECTION('',(0.,0.,1.));
#2134=DIRECTION('',(1.,-9.10615997888088E-17,0.));
#2135=DIRECTION('',(9.10615997888088E-17,1.,0.));
#2136=DIRECTION('',(-1.,0.,0.));
#2137=DIRECTION('',(0.,0.,1.));
#2138=DIRECTION('',(0.,0.,1.));
#2139=DIRECTION('',(1.,0.,0.));
#2140=DIRECTION('',(-9.10615997888088E-17,-1.,0.));
#2141=DIRECTION('',(1.,-9.10615997888088E-17,0.));
#2142=DIRECTION('',(0.,0.,-1.));
#2143=DIRECTION('',(-1.,0.,0.));
#2144=DIRECTION('',(-9.10615997888088E-17,-1.,0.));
#2145=DIRECTION('',(1.,-9.10615997888088E-17,0.));
#2146=DIRECTION('',(0.,0.,-1.));
#2147=DIRECTION('',(-1.,0.,0.));
#2148=DIRECTION('',(1.,-9.10615997888088E-17,0.));
#2149=DIRECTION('',(9.10615997888088E-17,1.,0.));
#2150=DIRECTION('',(0.,0.,1.));
#2151=DIRECTION('',(1.,0.,0.));
#2152=DIRECTION('',(9.10615997888088E-17,1.,0.));
#2153=DIRECTION('',(1.,-9.10615997888088E-17,0.));
#2154=DIRECTION('',(9.10615997888088E-17,1.,0.));
#2155=DIRECTION('',(9.10615997888088E-17,1.,0.));
#2156=DIRECTION('',(-1.,9.10615997888088E-17,0.));
#2157=DIRECTION('',(-9.10615997888088E-17,-1.,0.));
#2158=DIRECTION('',(1.,-9.10615997888088E-17,0.));
#2159=DIRECTION('',(-9.10615997888088E-17,-1.,0.));
#2160=DIRECTION('',(1.,-9.10615997888088E-17,0.));
#2161=DIRECTION('',(0.,0.,1.));
#2162=DIRECTION('',(1.,0.,0.));
#2163=DIRECTION('',(-1.,0.,0.));
#2164=DIRECTION('',(0.,0.,1.));
#2165=DIRECTION('',(0.,1.,0.));
#2166=DIRECTION('',(0.,0.,-1.));
#2167=DIRECTION('',(0.,1.,0.));
#2168=DIRECTION('',(0.,0.,-1.));
#2169=DIRECTION('',(0.,-1.,0.));
#2170=DIRECTION('',(0.,0.,-1.));
#2171=DIRECTION('',(-1.,0.,0.));
#2172=DIRECTION('',(0.,0.,-1.));
#2173=DIRECTION('',(-1.,0.,0.));
#2174=DIRECTION('',(0.,0.,-1.));
#2175=DIRECTION('',(1.,0.,0.));
#2176=DIRECTION('',(0.,0.,-1.));
#2177=DIRECTION('',(0.,-1.,0.));
#2178=DIRECTION('',(0.,0.,-1.));
#2179=DIRECTION('',(0.,-1.,0.));
#2180=DIRECTION('',(0.,0.,-1.));
#2181=DIRECTION('',(0.,1.,0.));
#2182=DIRECTION('',(0.,0.,1.));
#2183=DIRECTION('',(1.,0.,0.));
#2184=DIRECTION('',(0.,0.,-1.));
#2185=DIRECTION('',(1.,0.,0.));
#2186=DIRECTION('',(0.,0.,-1.));
#2187=DIRECTION('',(0.,0.,1.));
#2188=DIRECTION('',(1.,0.,0.));
#2189=DIRECTION('',(1.,0.,0.));
#2190=DIRECTION('',(0.,1.,0.));
#2191=DIRECTION('',(-1.,0.,0.));
#2192=DIRECTION('',(0.,-1.,0.));
#2193=DIRECTION('',(0.,0.,1.));
#2194=DIRECTION('',(1.,0.,0.));
#2195=DIRECTION('',(-1.,0.,0.));
#2196=DIRECTION('',(0.,1.,0.));
#2197=DIRECTION('',(1.,0.,0.));
#2198=DIRECTION('',(0.,-1.,0.));
#2199=DIRECTION('',(0.,-1.,0.));
#2200=DIRECTION('',(0.,0.,-1.));
#2201=DIRECTION('',(0.,-1.,0.));
#2202=DIRECTION('',(0.,0.,-1.));
#2203=DIRECTION('',(0.,1.,0.));
#2204=DIRECTION('',(0.,0.,1.));
#2205=DIRECTION('',(0.,0.,-1.));
#2206=DIRECTION('',(-1.,0.,0.));
#2207=DIRECTION('',(0.,0.,-1.));
#2208=DIRECTION('',(-1.,0.,0.));
#2209=DIRECTION('',(-1.,0.,0.));
#2210=DIRECTION('',(0.,0.,1.));
#2211=DIRECTION('',(-1.,0.,0.));
#2212=DIRECTION('',(0.,0.,1.));
#2213=DIRECTION('',(-1.,0.,0.));
#2214=DIRECTION('',(0.,0.,1.));
#2215=DIRECTION('',(0.,0.,-1.));
#2216=DIRECTION('',(-1.,0.,0.));
#2217=DIRECTION('',(1.,0.,0.));
#2218=DIRECTION('',(0.,0.,-1.));
#2219=DIRECTION('',(1.,0.,0.));
#2220=DIRECTION('',(0.,0.,-1.));
#2221=DIRECTION('',(0.,0.,-1.));
#2222=DIRECTION('',(-1.,0.,0.));
#2223=DIRECTION('',(0.,0.,1.));
#2224=DIRECTION('',(1.,0.,0.));
#2225=DIRECTION('',(0.,1.,0.));
#2226=DIRECTION('',(0.,0.,1.));
#2227=DIRECTION('',(0.,1.,0.));
#2228=DIRECTION('',(0.,0.,1.));
#2229=DIRECTION('',(0.,-1.,0.));
#2230=DIRECTION('',(0.,0.,-1.));
#2231=DIRECTION('',(0.,0.,-1.));
#2232=DIRECTION('',(-1.,0.,0.));
#2233=DIRECTION('',(0.,0.,1.));
#2234=DIRECTION('',(1.,0.,0.));
#2235=DIRECTION('',(-1.,0.,0.));
#2236=DIRECTION('',(0.,0.,1.));
#2237=DIRECTION('',(1.,0.,0.));
#2238=DIRECTION('',(0.,0.,-1.));
#2239=DIRECTION('',(0.,1.,0.));
#2240=DIRECTION('',(0.,0.,1.));
#2241=DIRECTION('',(0.,-1.,0.));
#2242=DIRECTION('',(0.,0.,-1.));
#2243=DIRECTION('',(0.,1.,0.));
#2244=DIRECTION('',(0.,0.,1.));
#2245=DIRECTION('',(0.,0.,-1.));
#2246=DIRECTION('',(-1.,0.,0.));
#2247=DIRECTION('',(0.,0.,-1.));
#2248=DIRECTION('',(-1.,0.,0.));
#2249=DIRECTION('',(-1.,0.,0.));
#2250=DIRECTION('',(0.,0.,1.));
#2251=DIRECTION('',(-1.,0.,0.));
#2252=DIRECTION('',(0.,0.,1.));
#2253=DIRECTION('',(-1.,0.,0.));
#2254=DIRECTION('',(0.,0.,1.));
#2255=DIRECTION('',(-1.,0.,0.));
#2256=DIRECTION('',(0.,0.,1.));
#2257=DIRECTION('',(0.,0.,-1.));
#2258=DIRECTION('',(-1.,0.,0.));
#2259=DIRECTION('',(0.,0.,-1.));
#2260=DIRECTION('',(-1.,0.,0.));
#2261=DIRECTION('',(0.,0.,-1.));
#2262=DIRECTION('',(-1.,0.,0.));
#2263=DIRECTION('',(0.,0.,1.));
#2264=DIRECTION('',(1.,0.,0.));
#2265=DIRECTION('',(-1.,0.,0.));
#2266=DIRECTION('',(0.,0.,1.));
#2267=DIRECTION('',(1.,0.,0.));
#2268=DIRECTION('',(0.,0.,-1.));
#2269=DIRECTION('',(1.,0.,0.));
#2270=DIRECTION('',(0.,0.,-1.));
#2271=DIRECTION('',(1.,0.,0.));
#2272=DIRECTION('',(0.,0.,-1.));
#2273=DIRECTION('',(0.,0.,-1.));
#2274=DIRECTION('',(-1.,0.,0.));
#2275=DIRECTION('',(0.,0.,1.));
#2276=DIRECTION('',(1.,0.,0.));
#2277=DIRECTION('',(0.,-1.,0.));
#2278=DIRECTION('',(0.,0.,-1.));
#2279=DIRECTION('',(0.,-1.,0.));
#2280=DIRECTION('',(0.,0.,-1.));
#2281=DIRECTION('',(0.,1.,0.));
#2282=DIRECTION('',(0.,0.,1.));
#2283=DIRECTION('',(0.,1.,0.));
#2284=DIRECTION('',(0.,0.,1.));
#2285=DIRECTION('',(0.,-1.,0.));
#2286=DIRECTION('',(0.,0.,-1.));
#2287=DIRECTION('',(0.,0.,1.));
#2288=DIRECTION('',(1.,0.,0.));
#2289=DIRECTION('',(0.,0.,1.));
#2290=DIRECTION('',(1.,-9.10615997888088E-17,0.));
#2291=DIRECTION('',(0.,0.,1.));
#2292=DIRECTION('',(1.,0.,0.));
#2293=DIRECTION('',(-1.,0.,0.));
#2294=DIRECTION('',(0.,0.,1.));
#2295=DIRECTION('',(0.,1.,0.));
#2296=DIRECTION('',(0.,0.,-1.));
#2297=DIRECTION('',(0.,1.,0.));
#2298=DIRECTION('',(0.,0.,-1.));
#2299=DIRECTION('',(0.,-1.,0.));
#2300=DIRECTION('',(0.,0.,-1.));
#2301=DIRECTION('',(-1.,0.,0.));
#2302=DIRECTION('',(0.,0.,-1.));
#2303=DIRECTION('',(-1.,0.,0.));
#2304=DIRECTION('',(0.,0.,-1.));
#2305=DIRECTION('',(1.,0.,0.));
#2306=DIRECTION('',(0.,0.,-1.));
#2307=DIRECTION('',(0.,-1.,0.));
#2308=DIRECTION('',(0.,0.,-1.));
#2309=DIRECTION('',(0.,-1.,0.));
#2310=DIRECTION('',(0.,0.,-1.));
#2311=DIRECTION('',(0.,1.,0.));
#2312=DIRECTION('',(0.,0.,1.));
#2313=DIRECTION('',(1.,0.,0.));
#2314=DIRECTION('',(0.,0.,-1.));
#2315=DIRECTION('',(1.,0.,0.));
#2316=DIRECTION('',(0.,0.,-1.));
#2317=DIRECTION('',(0.,0.,1.));
#2318=DIRECTION('',(1.,0.,0.));
#2319=DIRECTION('',(-1.,0.,0.));
#2320=DIRECTION('',(0.,-1.,0.));
#2321=DIRECTION('',(1.,0.,0.));
#2322=DIRECTION('',(0.,1.,0.));
#2323=DIRECTION('',(0.,0.,1.));
#2324=DIRECTION('',(1.,0.,0.));
#2325=DIRECTION('',(1.,0.,0.));
#2326=DIRECTION('',(0.,-1.,0.));
#2327=DIRECTION('',(-1.,0.,0.));
#2328=DIRECTION('',(0.,1.,0.));
#2329=DIRECTION('',(0.,1.,0.));
#2330=DIRECTION('',(0.,0.,1.));
#2331=DIRECTION('',(0.,1.,0.));
#2332=DIRECTION('',(0.,0.,1.));
#2333=DIRECTION('',(0.,-1.,0.));
#2334=DIRECTION('',(0.,0.,-1.));
#2335=DIRECTION('',(0.,0.,-1.));
#2336=DIRECTION('',(-1.,0.,0.));
#2337=DIRECTION('',(0.,0.,-1.));
#2338=DIRECTION('',(-1.,0.,0.));
#2339=DIRECTION('',(1.,0.,0.));
#2340=DIRECTION('',(0.,0.,-1.));
#2341=DIRECTION('',(1.,0.,0.));
#2342=DIRECTION('',(0.,0.,-1.));
#2343=DIRECTION('',(1.,0.,0.));
#2344=DIRECTION('',(0.,0.,-1.));
#2345=DIRECTION('',(0.,0.,-1.));
#2346=DIRECTION('',(-1.,0.,0.));
#2347=DIRECTION('',(-1.,0.,0.));
#2348=DIRECTION('',(0.,0.,1.));
#2349=DIRECTION('',(-1.,0.,0.));
#2350=DIRECTION('',(0.,0.,1.));
#2351=DIRECTION('',(0.,0.,-1.));
#2352=DIRECTION('',(-1.,0.,0.));
#2353=DIRECTION('',(0.,0.,1.));
#2354=DIRECTION('',(1.,0.,0.));
#2355=DIRECTION('',(0.,-1.,0.));
#2356=DIRECTION('',(0.,0.,-1.));
#2357=DIRECTION('',(0.,-1.,0.));
#2358=DIRECTION('',(0.,0.,-1.));
#2359=DIRECTION('',(0.,1.,0.));
#2360=DIRECTION('',(0.,0.,1.));
#2361=DIRECTION('',(0.,0.,-1.));
#2362=DIRECTION('',(-1.,0.,0.));
#2363=DIRECTION('',(0.,0.,1.));
#2364=DIRECTION('',(1.,0.,0.));
#2365=DIRECTION('',(1.,0.,0.));
#2366=DIRECTION('',(0.,0.,-1.));
#2367=DIRECTION('',(-1.,0.,0.));
#2368=DIRECTION('',(0.,0.,1.));
#2369=DIRECTION('',(0.,-1.,0.));
#2370=DIRECTION('',(0.,0.,-1.));
#2371=DIRECTION('',(0.,1.,0.));
#2372=DIRECTION('',(0.,0.,1.));
#2373=DIRECTION('',(0.,-1.,0.));
#2374=DIRECTION('',(0.,0.,-1.));
#2375=DIRECTION('',(0.,0.,-1.));
#2376=DIRECTION('',(-1.,0.,0.));
#2377=DIRECTION('',(0.,0.,-1.));
#2378=DIRECTION('',(-1.,0.,0.));
#2379=DIRECTION('',(1.,0.,0.));
#2380=DIRECTION('',(0.,0.,-1.));
#2381=DIRECTION('',(1.,0.,0.));
#2382=DIRECTION('',(0.,0.,-1.));
#2383=DIRECTION('',(1.,0.,0.));
#2384=DIRECTION('',(0.,0.,-1.));
#2385=DIRECTION('',(1.,0.,0.));
#2386=DIRECTION('',(0.,0.,-1.));
#2387=DIRECTION('',(0.,0.,-1.));
#2388=DIRECTION('',(-1.,0.,0.));
#2389=DIRECTION('',(0.,0.,-1.));
#2390=DIRECTION('',(-1.,0.,0.));
#2391=DIRECTION('',(0.,0.,-1.));
#2392=DIRECTION('',(-1.,0.,0.));
#2393=DIRECTION('',(0.,0.,1.));
#2394=DIRECTION('',(1.,0.,0.));
#2395=DIRECTION('',(1.,0.,0.));
#2396=DIRECTION('',(0.,0.,-1.));
#2397=DIRECTION('',(-1.,0.,0.));
#2398=DIRECTION('',(0.,0.,1.));
#2399=DIRECTION('',(-1.,0.,0.));
#2400=DIRECTION('',(0.,0.,1.));
#2401=DIRECTION('',(-1.,0.,0.));
#2402=DIRECTION('',(0.,0.,1.));
#2403=DIRECTION('',(0.,0.,-1.));
#2404=DIRECTION('',(-1.,0.,0.));
#2405=DIRECTION('',(0.,0.,1.));
#2406=DIRECTION('',(1.,0.,0.));
#2407=DIRECTION('',(0.,1.,0.));
#2408=DIRECTION('',(0.,0.,1.));
#2409=DIRECTION('',(0.,1.,0.));
#2410=DIRECTION('',(0.,0.,1.));
#2411=DIRECTION('',(0.,-1.,0.));
#2412=DIRECTION('',(0.,0.,-1.));
#2413=DIRECTION('',(0.,-1.,0.));
#2414=DIRECTION('',(0.,0.,-1.));
#2415=DIRECTION('',(0.,1.,0.));
#2416=DIRECTION('',(0.,0.,1.));
#2417=DIRECTION('',(0.,0.,1.));
#2418=DIRECTION('',(1.,0.,0.));
#2419=DIRECTION('',(1.,0.,0.));
#2420=DIRECTION('',(0.,0.,-1.));
#2421=DIRECTION('',(0.,0.,-1.));
#2422=DIRECTION('',(0.,-1.,0.));
#2423=DIRECTION('',(0.,0.,-1.));
#2424=DIRECTION('',(0.,-1.,0.));
#2425=DIRECTION('',(-9.10615997888087E-17,-1.,0.));
#2426=DIRECTION('',(1.,-9.10615997888088E-17,0.));
#2427=DIRECTION('',(0.,0.,-1.));
#2428=DIRECTION('',(-1.,9.10615997888088E-17,0.));
#2429=DIRECTION('',(-1.,9.10615997888088E-17,0.));
#2430=DIRECTION('',(1.,6.82961998416066E-17,0.));
#2431=DIRECTION('',(-6.82961998416066E-17,1.,0.));
#2432=DIRECTION('',(0.,0.,-1.));
#2433=DIRECTION('',(6.82961998416066E-17,-1.,0.));
#2434=DIRECTION('',(6.82961998416066E-17,-1.,0.));
#2435=DIRECTION('',(-9.10615997888088E-17,-1.,0.));
#2436=DIRECTION('',(1.,-9.10615997888088E-17,0.));
#2437=DIRECTION('',(-1.,9.10615997888088E-17,0.));
#2438=DIRECTION('',(-1.,9.10615997888088E-17,0.));
#2439=DIRECTION('',(0.,0.,1.));
#2440=DIRECTION('',(1.,0.,0.));
#2441=DIRECTION('',(6.82961998416066E-17,-1.,0.));
#2442=DIRECTION('',(-1.,9.10615997888088E-17,0.));
#2443=DIRECTION('',(0.,-1.,0.));
#2444=DIRECTION('',(-1.,9.10615997888088E-17,0.));
#2445=DIRECTION('',(0.,0.,1.));
#2446=DIRECTION('',(1.,0.,0.));
#2447=DIRECTION('',(0.,-1.,0.));
#2448=DIRECTION('',(-1.,9.10615997888088E-17,0.));
#2449=DIRECTION('',(6.82961998416066E-17,-1.,0.));
#2450=DIRECTION('',(-1.,9.10615997888088E-17,0.));
#2451=DIRECTION('',(0.,-1.,0.));
#2452=DIRECTION('',(0.,0.,-1.));
#2453=DIRECTION('',(-0.707106781186548,-0.707106781186548,0.));
#2454=DIRECTION('',(-0.707106781186548,0.707106781186548,0.));
#2455=DIRECTION('',(0.707106781186548,-0.707106781186548,0.));
#2456=DIRECTION('',(0.707106781186548,0.707106781186548,0.));
#2457=DIRECTION('',(1.,-9.10615997888088E-17,0.));
#2458=DIRECTION('',(9.10615997888088E-17,1.,0.));
#2459=DIRECTION('',(0.707106781186548,0.707106781186548,0.));
#2460=DIRECTION('',(0.707106781186548,-0.707106781186548,0.));
#2461=DIRECTION('',(-1.,9.10615997888088E-17,0.));
#2462=DIRECTION('',(-9.10615997888088E-17,-1.,0.));
#2463=DIRECTION('',(-0.707106781186548,0.707106781186548,0.));
#2464=DIRECTION('',(-0.707106781186548,-0.707106781186548,0.));
#2465=DIRECTION('',(-6.82961998416066E-17,1.,0.));
#2466=DIRECTION('',(-1.,-6.82961998416066E-17,0.));
#2467=DIRECTION('',(0.,1.,0.));
#2468=DIRECTION('',(0.,0.,1.));
#2469=DIRECTION('',(0.707106781186548,0.707106781186548,0.));
#2470=DIRECTION('',(0.707106781186548,-0.707106781186548,0.));
#2471=DIRECTION('',(-0.707106781186548,0.707106781186548,0.));
#2472=DIRECTION('',(-0.707106781186548,-0.707106781186548,0.));
#2473=DIRECTION('',(-1.,9.10615997888088E-17,0.));
#2474=DIRECTION('',(-9.10615997888088E-17,-1.,0.));
#2475=DIRECTION('',(-0.707106781186548,-0.707106781186548,0.));
#2476=DIRECTION('',(-0.707106781186548,0.707106781186548,0.));
#2477=DIRECTION('',(1.,-9.10615997888088E-17,0.));
#2478=DIRECTION('',(9.10615997888088E-17,1.,0.));
#2479=DIRECTION('',(0.707106781186548,-0.707106781186548,0.));
#2480=DIRECTION('',(0.707106781186548,0.707106781186548,0.));
#2481=DIRECTION('',(6.82961998416066E-17,-1.,0.));
#2482=DIRECTION('',(1.,6.82961998416066E-17,0.));
#2483=DIRECTION('',(0.,0.,1.));
#2484=DIRECTION('',(1.,0.,0.));
#2485=DIRECTION('',(1.,6.82961998416066E-17,0.));
#2486=DIRECTION('',(-6.82961998416066E-17,1.,0.));
#2487=DIRECTION('',(0.,0.,-1.));
#2488=DIRECTION('',(6.82961998416066E-17,-1.,0.));
#2489=DIRECTION('',(0.,0.,-1.));
#2490=DIRECTION('',(6.82961998416066E-17,-1.,0.));
#2491=DIRECTION('',(-9.10615997888087E-17,-1.,0.));
#2492=DIRECTION('',(1.,-9.10615997888087E-17,0.));
#2493=DIRECTION('',(0.,0.,-1.));
#2494=DIRECTION('',(-1.,9.10615997888087E-17,0.));
#2495=DIRECTION('',(-1.,9.10615997888087E-17,0.));
#2496=DIRECTION('',(1.,0.,0.));
#2497=DIRECTION('',(0.,0.,-1.));
#2498=DIRECTION('',(0.,0.,-1.));
#2499=DIRECTION('',(0.,-1.,0.));
#2500=DIRECTION('',(0.,-1.,0.));
#2501=DIRECTION('',(-9.10615997888087E-17,-1.,0.));
#2502=DIRECTION('',(1.,-9.10615997888087E-17,0.));
#2503=DIRECTION('',(-1.,9.10615997888087E-17,0.));
#2504=DIRECTION('',(-1.,9.10615997888087E-17,0.));
#2505=DIRECTION('',(0.,0.,1.));
#2506=DIRECTION('',(1.,0.,0.));
#2507=DIRECTION('',(0.,-1.,0.));
#2508=DIRECTION('',(-1.,9.10615997888087E-17,0.));
#2509=DIRECTION('',(6.82961998416066E-17,-1.,0.));
#2510=DIRECTION('',(-1.,9.10615997888087E-17,0.));
#2511=DIRECTION('',(0.,0.,1.));
#2512=DIRECTION('',(1.,0.,0.));
#2513=DIRECTION('',(6.82961998416066E-17,-1.,0.));
#2514=DIRECTION('',(-1.,9.10615997888087E-17,0.));
#2515=DIRECTION('',(0.,-1.,0.));
#2516=DIRECTION('',(-1.,9.10615997888087E-17,0.));
#2517=DIRECTION('',(6.82961998416066E-17,-1.,0.));
#2518=DIRECTION('',(1.,6.82961998416066E-17,0.));
#2519=DIRECTION('',(-0.707106781186548,-0.707106781186548,0.));
#2520=DIRECTION('',(-0.707106781186548,0.707106781186548,0.));
#2521=DIRECTION('',(0.707106781186548,-0.707106781186548,0.));
#2522=DIRECTION('',(0.707106781186548,0.707106781186548,0.));
#2523=DIRECTION('',(1.,-9.10615997888087E-17,0.));
#2524=DIRECTION('',(9.10615997888087E-17,1.,0.));
#2525=DIRECTION('',(0.707106781186548,0.707106781186548,0.));
#2526=DIRECTION('',(0.707106781186548,-0.707106781186548,0.));
#2527=DIRECTION('',(-1.,9.10615997888087E-17,0.));
#2528=DIRECTION('',(-9.10615997888087E-17,-1.,0.));
#2529=DIRECTION('',(-0.707106781186548,0.707106781186548,0.));
#2530=DIRECTION('',(-0.707106781186548,-0.707106781186548,0.));
#2531=DIRECTION('',(0.,1.,0.));
#2532=DIRECTION('',(0.,0.,1.));
#2533=DIRECTION('',(-6.82961998416066E-17,1.,0.));
#2534=DIRECTION('',(-1.,-6.82961998416066E-17,0.));
#2535=DIRECTION('',(0.707106781186548,0.707106781186548,0.));
#2536=DIRECTION('',(0.707106781186548,-0.707106781186548,0.));
#2537=DIRECTION('',(-0.707106781186548,0.707106781186548,0.));
#2538=DIRECTION('',(-0.707106781186548,-0.707106781186548,0.));
#2539=DIRECTION('',(-1.,9.10615997888087E-17,0.));
#2540=DIRECTION('',(-9.10615997888087E-17,-1.,0.));
#2541=DIRECTION('',(-0.707106781186548,-0.707106781186548,0.));
#2542=DIRECTION('',(-0.707106781186548,0.707106781186548,0.));
#2543=DIRECTION('',(1.,-9.10615997888087E-17,0.));
#2544=DIRECTION('',(9.10615997888087E-17,1.,0.));
#2545=DIRECTION('',(0.707106781186548,-0.707106781186548,0.));
#2546=DIRECTION('',(0.707106781186548,0.707106781186548,0.));
#2547=DIRECTION('',(0.,-1.,0.));
#2548=DIRECTION('',(0.,0.,-1.));
#2549=DIRECTION('',(0.,0.,1.));
#2550=DIRECTION('',(1.,0.,0.));
#2551=DIRECTION('',(1.,-9.10615997888088E-17,0.));
#2552=DIRECTION('',(9.10615997888088E-17,1.,0.));
#2553=DIRECTION('',(1.,-9.10615997888088E-17,0.));
#2554=DIRECTION('',(9.10615997888088E-17,1.,0.));
#2555=DIRECTION('',(-1.,9.10615997888088E-17,0.));
#2556=DIRECTION('',(-9.10615997888088E-17,-1.,0.));
#2557=DIRECTION('',(-1.,9.10615997888088E-17,0.));
#2558=DIRECTION('',(-9.10615997888088E-17,-1.,0.));
#2559=DIRECTION('',(-1.,9.10615997888088E-17,0.));
#2560=DIRECTION('',(-9.10615997888088E-17,-1.,0.));
#2561=DIRECTION('',(0.,0.,1.));
#2562=DIRECTION('',(1.,0.,0.));
#2563=DIRECTION('',(0.,0.,1.));
#2564=DIRECTION('',(1.,-9.10615997888088E-17,0.));
#2565=CARTESIAN_POINT('',(0.,0.,0.));
#2566=CARTESIAN_POINT('',(-3.46944695195361E-18,-0.0381,0.518044531345367));
#2567=CARTESIAN_POINT('',(-1.2518544638517E-33,-0.0381,0.518044531345367));
#2568=CARTESIAN_POINT('',(-3.46944695195361E-18,-0.0381,0.460894531345368));
#2569=CARTESIAN_POINT('',(-1.20143717157184E-5,-0.0381,0.504035830497742));
#2570=CARTESIAN_POINT('',(-0.0344290143717157,-0.0381,0.504035830497742));
#2571=CARTESIAN_POINT('',(0.0344049856282843,-0.0381,0.504035830497742));
#2572=CARTESIAN_POINT('',(-1.20143717157184E-5,-0.0381,0.504035830497742));
#2573=CARTESIAN_POINT('',(0.11811,-1.23105869859733E-17,0.346681654453278));
#2574=CARTESIAN_POINT('',(0.11811,-1.23105869859733E-17,0.346681654453278));
#2575=CARTESIAN_POINT('',(0.11811,0.0254,0.346681654453278));
#2576=CARTESIAN_POINT('',(0.130406722124209,-1.49975469966033E-17,0.346681654453278));
#2577=CARTESIAN_POINT('',(0.130406722124209,-0.022225,0.346681654453278));
#2578=CARTESIAN_POINT('',(2.08930442090522E-17,0.0635,0.224140045556214));
#2579=CARTESIAN_POINT('',(0.11811,0.0635,0.233017385005951));
#2580=CARTESIAN_POINT('',(0.11811,0.05715,0.233017385005951));
#2581=CARTESIAN_POINT('',(0.11811,-0.06985,0.233017385005951));
#2582=CARTESIAN_POINT('',(8.74997987721455E-18,-0.06985,0.224140045556214));
#2583=CARTESIAN_POINT('',(-0.11811,-0.06985,0.233017385005951));
#2584=CARTESIAN_POINT('',(-0.11811,0.0635,0.233017385005951));
#2585=CARTESIAN_POINT('',(-0.11811,0.05715,0.233017385005951));
#2586=CARTESIAN_POINT('',(2.03148030503933E-17,0.05715,0.224140045556214));
#2587=CARTESIAN_POINT('',(5.78241158658936E-18,0.0635,0.116508692502975));
#2588=CARTESIAN_POINT('',(5.78241158658936E-18,0.0635,0.429867385005951));
#2589=CARTESIAN_POINT('',(-0.06731,0.0635,0.429867385005951));
#2590=CARTESIAN_POINT('',(0.06731,0.0635,0.429867385005951));
#2591=CARTESIAN_POINT('',(0.06731,0.0635,0.385417385005951));
#2592=CARTESIAN_POINT('',(0.11176,0.0635,0.385417385005951));
#2593=CARTESIAN_POINT('',(0.11176,0.0635,0.233017385005951));
#2594=CARTESIAN_POINT('',(0.11176,0.0635,0.232775795605718));
#2595=CARTESIAN_POINT('',(2.08930442090522E-17,0.0635,0.224140045556214));
#2596=CARTESIAN_POINT('',(-0.11176,0.0635,0.232775795605718));
#2597=CARTESIAN_POINT('',(-0.11176,0.0635,0.116508692502975));
#2598=CARTESIAN_POINT('',(-0.11176,0.0635,0.385417385005951));
#2599=CARTESIAN_POINT('',(-0.06731,0.0635,0.385417385005951));
#2600=CARTESIAN_POINT('',(-6.93889390390723E-18,-0.0762,0.116508692502975));
#2601=CARTESIAN_POINT('',(0.11176,-0.0762,0.116508692502975));
#2602=CARTESIAN_POINT('',(0.11176,-0.0762,0.232775795605718));
#2603=CARTESIAN_POINT('',(0.11176,-0.0762,0.385417385005951));
#2604=CARTESIAN_POINT('',(0.06731,-0.0762,0.385417385005951));
#2605=CARTESIAN_POINT('',(0.06731,-0.0762,0.429867385005951));
#2606=CARTESIAN_POINT('',(-0.06731,-0.0762,0.429867385005951));
#2607=CARTESIAN_POINT('',(-0.06731,-0.0762,0.429867385005951));
#2608=CARTESIAN_POINT('',(-0.06731,-0.0762,0.385417385005951));
#2609=CARTESIAN_POINT('',(-0.11176,-0.0762,0.385417385005951));
#2610=CARTESIAN_POINT('',(-0.11176,-0.0762,0.233017385005951));
#2611=CARTESIAN_POINT('',(-0.11176,-0.0762,0.232775795605718));
#2612=CARTESIAN_POINT('',(8.17173871855561E-18,-0.0762,0.224140045556214));
#2613=CARTESIAN_POINT('',(0.11811,0.0635,0.385417385005951));
#2614=CARTESIAN_POINT('',(0.11811,-0.0762,0.385417385005951));
#2615=CARTESIAN_POINT('',(0.11811,0.05715,0.385417385005951));
#2616=CARTESIAN_POINT('',(0.11811,-0.06985,0.385417385005951));
#2617=CARTESIAN_POINT('',(0.11811,-0.06985,0.385417385005951));
#2618=CARTESIAN_POINT('',(0.11811,0.05715,0.385417385005951));
#2619=CARTESIAN_POINT('',(-0.11811,0.0635,0.385417385005951));
#2620=CARTESIAN_POINT('',(-0.11811,1.23105869859733E-17,0.346681654453278));
#2621=CARTESIAN_POINT('',(-0.11811,0.0254,0.346681654453278));
#2622=CARTESIAN_POINT('',(-0.11811,-0.06985,0.385417385005951));
#2623=CARTESIAN_POINT('',(-0.11811,-0.06985,0.385417385005951));
#2624=CARTESIAN_POINT('',(-0.11811,0.0635,0.385417385005951));
#2625=CARTESIAN_POINT('',(-0.11811,0.05715,0.385417385005951));
#2626=CARTESIAN_POINT('',(-0.11811,0.05715,0.385417385005951));
#2627=CARTESIAN_POINT('',(-0.11811,1.23105869859733E-17,0.346681654453278));
#2628=CARTESIAN_POINT('',(0.21971,-2.31296463463575E-17,0.346681654453278));
#2629=CARTESIAN_POINT('',(0.197485,-2.11058022910511E-17,0.346681654453278));
#2630=CARTESIAN_POINT('',(0.197485,-0.022225,0.346681654453278));
#2631=CARTESIAN_POINT('',(1.04083408558608E-17,0.0635,0.436217385005951));
#2632=CARTESIAN_POINT('',(0.,2.33295215237571E-18,0.436217385005951));
#2633=CARTESIAN_POINT('',(0.0381,2.33295215237571E-18,0.436217385005951));
#2634=CARTESIAN_POINT('',(-0.06731,0.0635,0.436217385005951));
#2635=CARTESIAN_POINT('',(-0.06731,0.05715,0.436217385005951));
#2636=CARTESIAN_POINT('',(-0.06731,-0.06985,0.436217385005951));
#2637=CARTESIAN_POINT('',(0.06731,-0.06985,0.436217385005951));
#2638=CARTESIAN_POINT('',(0.06731,-0.06985,0.436217385005951));
#2639=CARTESIAN_POINT('',(0.06731,0.0635,0.436217385005951));
#2640=CARTESIAN_POINT('',(0.06731,0.05715,0.436217385005951));
#2641=CARTESIAN_POINT('',(9.83009969720191E-18,0.05715,0.436217385005951));
#2642=CARTESIAN_POINT('',(-0.06731,0.0635,0.385417385005951));
#2643=CARTESIAN_POINT('',(-0.06731,-0.06985,0.385417385005951));
#2644=CARTESIAN_POINT('',(-0.06731,0.05715,0.385417385005951));
#2645=CARTESIAN_POINT('',(0.06731,0.0635,0.385417385005951));
#2646=CARTESIAN_POINT('',(0.06731,-0.06985,0.385417385005951));
#2647=CARTESIAN_POINT('',(0.06731,0.05715,0.385417385005951));
#2648=CARTESIAN_POINT('',(0.,2.33295215237571E-18,0.487017385005951));
#2649=CARTESIAN_POINT('',(0.0210605674187569,0.03175,0.458138751156808));
#2650=CARTESIAN_POINT('',(0.0223574888451579,0.030889719649211,0.458594698830831));
#2651=CARTESIAN_POINT('',(0.0248386349314021,0.0290123333397025,0.459562767078003));
#2652=CARTESIAN_POINT('',(0.0281268457706633,0.0258361129597986,0.461078510746699));
#2653=CARTESIAN_POINT('',(0.031049150480557,0.0222427854145276,0.462624277834097));
#2654=CARTESIAN_POINT('',(0.0335070690483814,0.0183279362508903,0.464083660118446));
#2655=CARTESIAN_POINT('',(0.035478863587331,0.014150229900594,0.465366647806629));
#2656=CARTESIAN_POINT('',(0.036973529812862,0.0096044309666237,0.466411836261606));
#2657=CARTESIAN_POINT('',(0.0378864727434053,0.00489693390769475,0.467083478264907));
#2658=CARTESIAN_POINT('',(0.0382043722988268,3.59303130969196E-5,0.467323264933733));
#2659=CARTESIAN_POINT('',(0.0378959342516842,-0.00482279800530411,0.467090572215188));
#2660=CARTESIAN_POINT('',(0.0369918649274879,-0.00953368212204822,0.466425067653945));
#2661=CARTESIAN_POINT('',(0.0355049647795677,-0.0140864017392768,0.465384343170516));
#2662=CARTESIAN_POINT('',(0.0335226908246971,-0.0183055224706305,0.464092599810668));
#2663=CARTESIAN_POINT('',(0.0310333925086435,-0.0222630191485063,0.462615925189146));
#2664=CARTESIAN_POINT('',(0.027185909318709,-0.0269983789528833,0.460578946015813));
#2665=CARTESIAN_POINT('',(0.0236295399283513,-0.0300459364177874,0.459041903049078));
#2666=CARTESIAN_POINT('',(0.0210605674187569,-0.03175,0.458138751156808));
#2667=CARTESIAN_POINT('',(0.0210605674187568,0.03175,0.458138751156808));
#2668=CARTESIAN_POINT('',(0.0210605674187568,-0.03175,0.458138751156808));
#2669=CARTESIAN_POINT('',(0.0210605674187568,-0.03175,0.458138751156808));
#2670=CARTESIAN_POINT('',(0.01951750818192,-0.0327735497035759,0.457596270898872));
#2671=CARTESIAN_POINT('',(0.0170455315973758,-0.0341695393785021,0.457208040044736));
#2672=CARTESIAN_POINT('',(0.0134978627290262,-0.0356669646691661,0.457306360269364));
#2673=CARTESIAN_POINT('',(0.00993396062195802,-0.0368659306497671,0.457752740706694));
#2674=CARTESIAN_POINT('',(0.00535440656670001,-0.0378566484931612,0.458869701281045));
#2675=CARTESIAN_POINT('',(0.00176217747955992,-0.0381,0.46017568293949));
#2676=CARTESIAN_POINT('',(-3.46944695195361E-18,-0.0381,0.460894531345368));
#2677=CARTESIAN_POINT('',(-0.0210605674187568,-0.03175,0.458138751156808));
#2678=CARTESIAN_POINT('',(-0.01951750818192,-0.0327735497035759,0.457596270898872));
#2679=CARTESIAN_POINT('',(-0.0170455315973758,-0.0341695393785021,0.457208040044736));
#2680=CARTESIAN_POINT('',(-0.0134978627290262,-0.0356669646691661,0.457306360269364));
#2681=CARTESIAN_POINT('',(-0.00993396062195804,-0.0368659306497671,0.457752740706694));
#2682=CARTESIAN_POINT('',(-0.00535440656669998,-0.0378566484931611,0.458869701281045));
#2683=CARTESIAN_POINT('',(-0.00176217747955995,-0.0381000000000001,0.46017568293949));
#2684=CARTESIAN_POINT('',(-3.46944695195361E-18,-0.0381,0.460894531345368));
#2685=CARTESIAN_POINT('',(-0.0210605674187568,-0.03175,0.458138751156808));
#2686=CARTESIAN_POINT('',(-0.0210605674187569,-0.0317499999999999,0.458138751156808));
#2687=CARTESIAN_POINT('',(-0.0236682661204285,-0.0300202483680516,0.459055517688209));
#2688=CARTESIAN_POINT('',(-0.0271607271338868,-0.0270288377939731,0.460566262941318));
#2689=CARTESIAN_POINT('',(-0.0310733654643869,-0.0222089235167611,0.462637903886093));
#2690=CARTESIAN_POINT('',(-0.0335180352035202,-0.0183081675016072,0.464090492433631));
#2691=CARTESIAN_POINT('',(-0.0355048164120728,-0.0140910865507583,0.465383928023409));
#2692=CARTESIAN_POINT('',(-0.0369950756851673,-0.00951744367475163,0.466427465611967));
#2693=CARTESIAN_POINT('',(-0.0378917447543533,-0.00485005109742907,0.467087467370838));
#2694=CARTESIAN_POINT('',(-0.0382050973420148,2.78790521799752E-5,0.467323788963278));
#2695=CARTESIAN_POINT('',(-0.0378878245460931,0.00487600036640617,0.467084533849634));
#2696=CARTESIAN_POINT('',(-0.0369851273912966,0.00955835469900914,0.46642021870497));
#2697=CARTESIAN_POINT('',(-0.0354931288171191,0.0141161874069385,0.465376304719885));
#2698=CARTESIAN_POINT('',(-0.0335152641971535,0.0183168260251639,0.46408827010879));
#2699=CARTESIAN_POINT('',(-0.0310321934008844,0.0222662442741834,0.462614811209231));
#2700=CARTESIAN_POINT('',(-0.0281336718914554,0.0258270651322116,0.461082269063837));
#2701=CARTESIAN_POINT('',(-0.024837750508242,0.0290147577535493,0.459561863201666));
#2702=CARTESIAN_POINT('',(-0.0223483635728467,0.0308957726700842,0.458591490736185));
#2703=CARTESIAN_POINT('',(-0.0210605674187569,0.0317499999999999,0.458138751156808));
#2704=CARTESIAN_POINT('',(-0.0210605674187568,0.03175,0.458138751156808));
#2705=CARTESIAN_POINT('',(-0.0210605674187568,0.03175,0.458138751156808));
#2706=CARTESIAN_POINT('',(-0.01951750818192,0.0327735497035759,0.457596270898872));
#2707=CARTESIAN_POINT('',(-0.0170455315973742,0.0341695393785021,0.457208040044732));
#2708=CARTESIAN_POINT('',(-0.0134978627290288,0.0356669646691661,0.45730636026937));
#2709=CARTESIAN_POINT('',(-0.00993396062194397,0.0368659306497671,0.45775274070666));
#2710=CARTESIAN_POINT('',(-0.00535440656681387,0.0378566484931612,0.458869701281324));
#2711=CARTESIAN_POINT('',(-0.00176217747932057,0.0381,0.460175682938903));
#2712=CARTESIAN_POINT('',(3.46944695195361E-18,0.0381,0.460894531345368));
#2713=CARTESIAN_POINT('',(7.49053486598703E-18,0.0381,0.460894531345368));
#2714=CARTESIAN_POINT('',(0.0210605674187568,0.03175,0.458138751156808));
#2715=CARTESIAN_POINT('',(0.01951750818192,0.0327735497035759,0.457596270898872));
#2716=CARTESIAN_POINT('',(0.0170455315973743,0.034169539378502,0.457208040044732));
#2717=CARTESIAN_POINT('',(0.0134978627290288,0.0356669646691661,0.45730636026937));
#2718=CARTESIAN_POINT('',(0.009933960621944,0.0368659306497671,0.45775274070666));
#2719=CARTESIAN_POINT('',(0.00535440656681388,0.0378566484931611,0.458869701281324));
#2720=CARTESIAN_POINT('',(0.00176217747932058,0.0381000000000001,0.460175682938903));
#2721=CARTESIAN_POINT('',(3.46944695195361E-18,0.0381,0.460894531345368));
#2722=CARTESIAN_POINT('',(6.93889390390723E-18,0.0381,0.518044531345367));
#2723=CARTESIAN_POINT('',(6.36065274524829E-18,0.03175,0.518044531345367));
#2724=CARTESIAN_POINT('',(5.78241158658935E-19,-0.03175,0.518044531345367));
#2725=CARTESIAN_POINT('',(3.46944695195361E-18,0.0381,0.518044531345367));
#2726=CARTESIAN_POINT('',(6.93889390390723E-18,0.0381,0.518044531345367));
#2727=CARTESIAN_POINT('',(6.36065274524829E-18,0.03175,0.518044531345367));
#2728=CARTESIAN_POINT('',(5.78241158658935E-19,-0.03175,0.518044531345367));
#2729=CARTESIAN_POINT('',(-0.06731,-0.06985,0.385417385005951));
#2730=CARTESIAN_POINT('',(-0.11176,-0.06985,0.385417385005951));
#2731=CARTESIAN_POINT('',(-0.06731,-0.06985,0.429867385005951));
#2732=CARTESIAN_POINT('',(-1.7347234759768E-18,-0.06985,0.429867385005951));
#2733=CARTESIAN_POINT('',(0.06731,-0.06985,0.429867385005951));
#2734=CARTESIAN_POINT('',(-0.11176,-0.06985,0.116508692502975));
#2735=CARTESIAN_POINT('',(-0.11811,-0.06985,0.233017385005951));
#2736=CARTESIAN_POINT('',(-0.11811,-0.0706888641688469,0.233017385005951));
#2737=CARTESIAN_POINT('',(-0.117779204594481,-0.0723412215178328,0.233004984481956));
#2738=CARTESIAN_POINT('',(-0.11636570197367,-0.0744572343856808,0.232951766269526));
#2739=CARTESIAN_POINT('',(-0.114263130499395,-0.0758662339668384,0.232871984197949));
#2740=CARTESIAN_POINT('',(-0.112586348335875,-0.0762,0.232807670178217));
#2741=CARTESIAN_POINT('',(-0.11176,-0.0762,0.232775795605718));
#2742=CARTESIAN_POINT('',(0.06731,-0.06985,0.385417385005951));
#2743=CARTESIAN_POINT('',(0.11176,-0.06985,0.385417385005951));
#2744=CARTESIAN_POINT('',(8.74997987721455E-18,-0.06985,0.224140045556214));
#2745=CARTESIAN_POINT('',(0.11811,-0.06985,0.233017385005951));
#2746=CARTESIAN_POINT('',(0.11811,-0.0706888641688469,0.233017385005951));
#2747=CARTESIAN_POINT('',(0.117779204594481,-0.0723412215178328,0.233004984481961));
#2748=CARTESIAN_POINT('',(0.116365701973671,-0.0744572343856808,0.232951766269508));
#2749=CARTESIAN_POINT('',(0.114263130499392,-0.0758662339668384,0.232871984198015));
#2750=CARTESIAN_POINT('',(0.11258634833588,-0.0762,0.232807670178081));
#2751=CARTESIAN_POINT('',(0.11176,-0.0762,0.232775795605718));
#2752=CARTESIAN_POINT('',(0.11176,-0.06985,0.385417385005951));
#2753=CARTESIAN_POINT('',(0.06731,0.05715,0.385417385005951));
#2754=CARTESIAN_POINT('',(0.11176,0.05715,0.385417385005951));
#2755=CARTESIAN_POINT('',(0.06731,0.05715,0.429867385005951));
#2756=CARTESIAN_POINT('',(5.20417042793042E-18,0.05715,0.429867385005951));
#2757=CARTESIAN_POINT('',(-0.06731,0.05715,0.429867385005951));
#2758=CARTESIAN_POINT('',(0.11176,0.05715,0.116508692502975));
#2759=CARTESIAN_POINT('',(0.11811,0.05715,0.233017385005951));
#2760=CARTESIAN_POINT('',(0.11811,0.0579888641688469,0.233017385005951));
#2761=CARTESIAN_POINT('',(0.117779204594481,0.0596412215178328,0.233004984481961));
#2762=CARTESIAN_POINT('',(0.116365701973671,0.0617572343856808,0.232951766269508));
#2763=CARTESIAN_POINT('',(0.114263130499392,0.0631662339668384,0.232871984198014));
#2764=CARTESIAN_POINT('',(0.11258634833588,0.0635,0.23280767017808));
#2765=CARTESIAN_POINT('',(0.11176,0.0635,0.232775795605718));
#2766=CARTESIAN_POINT('',(-0.06731,0.05715,0.385417385005951));
#2767=CARTESIAN_POINT('',(-0.11176,0.05715,0.385417385005951));
#2768=CARTESIAN_POINT('',(2.03148030503933E-17,0.05715,0.224140045556214));
#2769=CARTESIAN_POINT('',(-0.11811,0.05715,0.233017385005951));
#2770=CARTESIAN_POINT('',(-0.11811,0.0579888641688469,0.233017385005951));
#2771=CARTESIAN_POINT('',(-0.117779204594481,0.0596412215178328,0.233004984481955));
#2772=CARTESIAN_POINT('',(-0.11636570197367,0.0617572343856808,0.232951766269529));
#2773=CARTESIAN_POINT('',(-0.114263130499395,0.0631662339668384,0.232871984197938));
#2774=CARTESIAN_POINT('',(-0.112586348335874,0.0635,0.232807670178246));
#2775=CARTESIAN_POINT('',(-0.11176,0.0635,0.232775795605718));
#2776=CARTESIAN_POINT('',(-0.11176,0.05715,0.385417385005951));
#2777=CARTESIAN_POINT('',(0.197485,-2.11058022910511E-17,0.346681654453278));
#2778=CARTESIAN_POINT('',(-1.20143717157196E-5,-0.0508,0.504035830497742));
#2779=CARTESIAN_POINT('',(-0.0344290143717157,-0.0508,0.504035830497742));
#2780=CARTESIAN_POINT('',(-0.0344290143717157,-0.0508,0.504035830497742));
#2781=CARTESIAN_POINT('',(-1.20143717157196E-5,-0.0508,0.504035830497742));
#2782=CARTESIAN_POINT('',(0.0344049856282843,-0.0508,0.504035830497742));
#2783=CARTESIAN_POINT('',(0.0344049856282843,-0.0508,0.504035830497742));
#2784=CARTESIAN_POINT('',(-1.20143717157196E-5,-0.0508,0.504035830497742));
#2785=CARTESIAN_POINT('',(-1.20143717157196E-5,-0.0508,0.504035830497742));
#2786=CARTESIAN_POINT('',(-4.62592926927148E-18,-0.0508,0.518044531345367));
#2787=CARTESIAN_POINT('',(0.,0.,0.));
#2788=CARTESIAN_POINT('',(-0.03175,6.93889390390723E-18,0.1778));
#2789=CARTESIAN_POINT('',(-0.03175,6.93889390390723E-18,0.06985));
#2790=CARTESIAN_POINT('',(-0.03175,-0.0254,0.06985));
#2791=CARTESIAN_POINT('',(-0.03175,0.0254,0.06985));
#2792=CARTESIAN_POINT('',(-0.03175,0.0254,0.1778));
#2793=CARTESIAN_POINT('',(-0.03175,0.0254,0.15875));
#2794=CARTESIAN_POINT('',(-0.03175,-0.04445,0.15875));
#2795=CARTESIAN_POINT('',(-0.03175,-0.0254,0.15875));
#2796=CARTESIAN_POINT('',(-0.03175,-0.0254,0.1778));
#2797=CARTESIAN_POINT('',(-0.0635,0.04445,0.1778));
#2798=CARTESIAN_POINT('',(-0.03175,0.04445,0.15875));
#2799=CARTESIAN_POINT('',(-0.0762,0.04445,0.15875));
#2800=CARTESIAN_POINT('',(-0.0508,0.04445,0.15875));
#2801=CARTESIAN_POINT('',(-0.0508,0.04445,0.1778));
#2802=CARTESIAN_POINT('',(-0.0508,0.04445,0.06985));
#2803=CARTESIAN_POINT('',(-0.0635,0.04445,0.06985));
#2804=CARTESIAN_POINT('',(-0.0762,0.04445,0.06985));
#2805=CARTESIAN_POINT('',(-0.0762,0.04445,0.1778));
#2806=CARTESIAN_POINT('',(-0.09525,6.93889390390723E-18,0.1778));
#2807=CARTESIAN_POINT('',(-0.09525,0.04445,0.15875));
#2808=CARTESIAN_POINT('',(-0.09525,-0.0254,0.15875));
#2809=CARTESIAN_POINT('',(-0.09525,0.0254,0.15875));
#2810=CARTESIAN_POINT('',(-0.09525,0.0254,0.1778));
#2811=CARTESIAN_POINT('',(-0.09525,0.0254,0.06985));
#2812=CARTESIAN_POINT('',(-0.09525,6.93889390390723E-18,0.06985));
#2813=CARTESIAN_POINT('',(-0.09525,-0.0254,0.06985));
#2814=CARTESIAN_POINT('',(-0.09525,-0.0254,0.1778));
#2815=CARTESIAN_POINT('',(-0.0635,-0.04445,0.1778));
#2816=CARTESIAN_POINT('',(-0.0635,-0.04445,0.06985));
#2817=CARTESIAN_POINT('',(-0.0762,-0.04445,0.06985));
#2818=CARTESIAN_POINT('',(-0.0508,-0.04445,0.06985));
#2819=CARTESIAN_POINT('',(-0.0508,-0.04445,0.1778));
#2820=CARTESIAN_POINT('',(-0.0508,-0.04445,0.15875));
#2821=CARTESIAN_POINT('',(-0.09525,-0.04445,0.15875));
#2822=CARTESIAN_POINT('',(-0.0762,-0.04445,0.15875));
#2823=CARTESIAN_POINT('',(-0.0762,-0.04445,0.1778));
#2824=CARTESIAN_POINT('',(-0.003175,6.93889390390723E-18,0.1778));
#2825=CARTESIAN_POINT('',(-0.03175,-0.0254,0.1778));
#2826=CARTESIAN_POINT('',(-0.0762,-0.0254,0.1778));
#2827=CARTESIAN_POINT('',(-0.0508,-0.0254,0.1778));
#2828=CARTESIAN_POINT('',(-0.0508,0.04445,0.1778));
#2829=CARTESIAN_POINT('',(-0.0508,0.0254,0.1778));
#2830=CARTESIAN_POINT('',(-0.09525,0.0254,0.1778));
#2831=CARTESIAN_POINT('',(-0.0762,0.0254,0.1778));
#2832=CARTESIAN_POINT('',(-0.0762,-0.04445,0.1778));
#2833=CARTESIAN_POINT('',(-0.003175,6.93889390390723E-18,0.0508));
#2834=CARTESIAN_POINT('',(-0.003175,0.0254,0.0508));
#2835=CARTESIAN_POINT('',(-0.0762,0.0254,0.0508));
#2836=CARTESIAN_POINT('',(-0.0508,0.0254,0.0508));
#2837=CARTESIAN_POINT('',(-0.0508,6.93889390390723E-18,0.0508));
#2838=CARTESIAN_POINT('',(-0.0508,-0.0254,0.0508));
#2839=CARTESIAN_POINT('',(-0.003175,-0.0254,0.0508));
#2840=CARTESIAN_POINT('',(-0.0762,-0.0254,0.0508));
#2841=CARTESIAN_POINT('',(-0.0762,6.93889390390723E-18,0.0508));
#2842=CARTESIAN_POINT('',(-0.0762,6.93889390390723E-18,0.06985));
#2843=CARTESIAN_POINT('',(-0.0762,-0.0254,0.06985));
#2844=CARTESIAN_POINT('',(-0.0762,0.0254,0.06985));
#2845=CARTESIAN_POINT('',(-0.0762,-0.0254,0.06985));
#2846=CARTESIAN_POINT('',(-0.0762,-0.0254,0.06985));
#2847=CARTESIAN_POINT('',(-0.0762,-0.0254,0.06985));
#2848=CARTESIAN_POINT('',(-0.0762,0.0254,0.06985));
#2849=CARTESIAN_POINT('',(-0.0762,0.0254,0.06985));
#2850=CARTESIAN_POINT('',(-0.0762,0.0254,0.06985));
#2851=CARTESIAN_POINT('',(-0.0635,-0.0254,0.06985));
#2852=CARTESIAN_POINT('',(-0.0508,-0.0254,0.06985));
#2853=CARTESIAN_POINT('',(-0.0762,-0.0254,0.1778));
#2854=CARTESIAN_POINT('',(-0.0762,-0.0254,0.15875));
#2855=CARTESIAN_POINT('',(-0.0762,6.93889390390723E-18,0.15875));
#2856=CARTESIAN_POINT('',(-0.0762,0.0254,0.15875));
#2857=CARTESIAN_POINT('',(-0.0762,-0.0254,0.15875));
#2858=CARTESIAN_POINT('',(-0.0762,0.0254,0.1778));
#2859=CARTESIAN_POINT('',(-0.0762,0.0254,0.15875));
#2860=CARTESIAN_POINT('',(-0.0635,0.0254,0.06985));
#2861=CARTESIAN_POINT('',(-0.0508,0.0254,0.06985));
#2862=CARTESIAN_POINT('',(-0.0508,6.93889390390723E-18,0.06985));
#2863=CARTESIAN_POINT('',(-0.0508,-0.0254,0.06985));
#2864=CARTESIAN_POINT('',(-0.0508,0.0254,0.06985));
#2865=CARTESIAN_POINT('',(-0.0508,-0.0254,0.06985));
#2866=CARTESIAN_POINT('',(-0.0508,-0.0254,0.06985));
#2867=CARTESIAN_POINT('',(-0.0762,-0.0254,0.15875));
#2868=CARTESIAN_POINT('',(-0.0762,-0.0254,0.15875));
#2869=CARTESIAN_POINT('',(-0.0762,0.0254,0.15875));
#2870=CARTESIAN_POINT('',(-0.0762,0.0254,0.15875));
#2871=CARTESIAN_POINT('',(-0.0508,0.0254,0.06985));
#2872=CARTESIAN_POINT('',(-0.0508,0.0254,0.06985));
#2873=CARTESIAN_POINT('',(-0.0508,-0.0254,0.1778));
#2874=CARTESIAN_POINT('',(-0.0508,-0.0254,0.15875));
#2875=CARTESIAN_POINT('',(-0.003175,-0.0254,0.15875));
#2876=CARTESIAN_POINT('',(-0.0508,-0.0254,0.15875));
#2877=CARTESIAN_POINT('',(-0.003175,0.0254,0.15875));
#2878=CARTESIAN_POINT('',(-0.0508,0.0254,0.15875));
#2879=CARTESIAN_POINT('',(-0.0508,0.0254,0.1778));
#2880=CARTESIAN_POINT('',(-0.0508,0.0254,0.15875));
#2881=CARTESIAN_POINT('',(-0.0508,-0.0254,0.15875));
#2882=CARTESIAN_POINT('',(-0.0508,-0.0254,0.15875));
#2883=CARTESIAN_POINT('',(-0.0508,0.0254,0.15875));
#2884=CARTESIAN_POINT('',(-0.0508,0.0254,0.15875));
#2885=CARTESIAN_POINT('',(-0.0508,6.93889390390723E-18,0.15875));
#2886=CARTESIAN_POINT('',(0.,0.,0.));
#2887=CARTESIAN_POINT('',(-0.0252811030942232,-0.0381,0.537252038376194));
#2888=CARTESIAN_POINT('',(-0.0252811030942232,-0.0381,0.524552038376194));
#2889=CARTESIAN_POINT('',(0.,0.,0.));
#2890=CARTESIAN_POINT('',(0.09525,6.93889390390723E-18,0.1778));
#2891=CARTESIAN_POINT('',(0.09525,6.93889390390723E-18,0.06985));
#2892=CARTESIAN_POINT('',(0.09525,-0.0254,0.06985));
#2893=CARTESIAN_POINT('',(0.09525,0.0254,0.06985));
#2894=CARTESIAN_POINT('',(0.09525,0.0254,0.1778));
#2895=CARTESIAN_POINT('',(0.09525,0.0254,0.15875));
#2896=CARTESIAN_POINT('',(0.09525,-0.04445,0.15875));
#2897=CARTESIAN_POINT('',(0.09525,-0.0254,0.15875));
#2898=CARTESIAN_POINT('',(0.09525,-0.0254,0.1778));
#2899=CARTESIAN_POINT('',(0.0635,0.04445,0.1778));
#2900=CARTESIAN_POINT('',(0.0635,0.04445,0.06985));
#2901=CARTESIAN_POINT('',(0.0762,0.04445,0.06985));
#2902=CARTESIAN_POINT('',(0.0508,0.04445,0.06985));
#2903=CARTESIAN_POINT('',(0.0508,0.04445,0.1778));
#2904=CARTESIAN_POINT('',(0.0508,0.04445,0.15875));
#2905=CARTESIAN_POINT('',(0.09525,0.04445,0.15875));
#2906=CARTESIAN_POINT('',(0.0762,0.04445,0.15875));
#2907=CARTESIAN_POINT('',(0.0762,0.04445,0.1778));
#2908=CARTESIAN_POINT('',(0.03175,6.93889390390723E-18,0.1778));
#2909=CARTESIAN_POINT('',(0.03175,0.04445,0.15875));
#2910=CARTESIAN_POINT('',(0.03175,-0.0254,0.15875));
#2911=CARTESIAN_POINT('',(0.03175,0.0254,0.15875));
#2912=CARTESIAN_POINT('',(0.03175,0.0254,0.1778));
#2913=CARTESIAN_POINT('',(0.03175,0.0254,0.06985));
#2914=CARTESIAN_POINT('',(0.03175,6.93889390390723E-18,0.06985));
#2915=CARTESIAN_POINT('',(0.03175,-0.0254,0.06985));
#2916=CARTESIAN_POINT('',(0.03175,-0.0254,0.1778));
#2917=CARTESIAN_POINT('',(0.0635,-0.04445,0.1778));
#2918=CARTESIAN_POINT('',(0.0635,-0.04445,0.06985));
#2919=CARTESIAN_POINT('',(0.0508,-0.04445,0.06985));
#2920=CARTESIAN_POINT('',(0.0762,-0.04445,0.06985));
#2921=CARTESIAN_POINT('',(0.0762,-0.04445,0.1778));
#2922=CARTESIAN_POINT('',(0.0762,-0.04445,0.15875));
#2923=CARTESIAN_POINT('',(0.03175,-0.04445,0.15875));
#2924=CARTESIAN_POINT('',(0.0508,-0.04445,0.15875));
#2925=CARTESIAN_POINT('',(0.0508,-0.04445,0.1778));
#2926=CARTESIAN_POINT('',(-0.003175,6.93889390390723E-18,0.1778));
#2927=CARTESIAN_POINT('',(0.03175,0.0254,0.1778));
#2928=CARTESIAN_POINT('',(0.0762,0.0254,0.1778));
#2929=CARTESIAN_POINT('',(0.0508,0.0254,0.1778));
#2930=CARTESIAN_POINT('',(0.0508,-0.04445,0.1778));
#2931=CARTESIAN_POINT('',(0.0508,-0.0254,0.1778));
#2932=CARTESIAN_POINT('',(0.09525,-0.0254,0.1778));
#2933=CARTESIAN_POINT('',(0.0762,-0.0254,0.1778));
#2934=CARTESIAN_POINT('',(0.0762,0.04445,0.1778));
#2935=CARTESIAN_POINT('',(-0.003175,6.93889390390723E-18,0.0508));
#2936=CARTESIAN_POINT('',(-0.003175,-0.0254,0.0508));
#2937=CARTESIAN_POINT('',(0.0762,-0.0254,0.0508));
#2938=CARTESIAN_POINT('',(0.0508,-0.0254,0.0508));
#2939=CARTESIAN_POINT('',(0.0508,6.93889390390723E-18,0.0508));
#2940=CARTESIAN_POINT('',(0.0508,0.0254,0.0508));
#2941=CARTESIAN_POINT('',(-0.003175,0.0254,0.0508));
#2942=CARTESIAN_POINT('',(0.0762,0.0254,0.0508));
#2943=CARTESIAN_POINT('',(0.0762,6.93889390390723E-18,0.0508));
#2944=CARTESIAN_POINT('',(0.0762,6.93889390390723E-18,0.06985));
#2945=CARTESIAN_POINT('',(0.0762,0.0254,0.06985));
#2946=CARTESIAN_POINT('',(0.0762,-0.0254,0.06985));
#2947=CARTESIAN_POINT('',(0.0762,0.0254,0.06985));
#2948=CARTESIAN_POINT('',(0.0762,0.0254,0.06985));
#2949=CARTESIAN_POINT('',(0.0762,0.0254,0.06985));
#2950=CARTESIAN_POINT('',(0.0762,-0.0254,0.06985));
#2951=CARTESIAN_POINT('',(0.0762,-0.0254,0.06985));
#2952=CARTESIAN_POINT('',(0.0762,-0.0254,0.06985));
#2953=CARTESIAN_POINT('',(0.0635,0.0254,0.06985));
#2954=CARTESIAN_POINT('',(0.0508,0.0254,0.06985));
#2955=CARTESIAN_POINT('',(0.0762,0.0254,0.1778));
#2956=CARTESIAN_POINT('',(0.0762,0.0254,0.15875));
#2957=CARTESIAN_POINT('',(0.0762,6.93889390390723E-18,0.15875));
#2958=CARTESIAN_POINT('',(0.0762,-0.0254,0.15875));
#2959=CARTESIAN_POINT('',(0.0762,0.0254,0.15875));
#2960=CARTESIAN_POINT('',(0.0762,-0.0254,0.1778));
#2961=CARTESIAN_POINT('',(0.0762,-0.0254,0.15875));
#2962=CARTESIAN_POINT('',(0.0635,-0.0254,0.06985));
#2963=CARTESIAN_POINT('',(0.0508,-0.0254,0.06985));
#2964=CARTESIAN_POINT('',(0.0508,6.93889390390723E-18,0.06985));
#2965=CARTESIAN_POINT('',(0.0508,0.0254,0.06985));
#2966=CARTESIAN_POINT('',(0.0508,-0.0254,0.06985));
#2967=CARTESIAN_POINT('',(0.0508,0.0254,0.06985));
#2968=CARTESIAN_POINT('',(0.0508,0.0254,0.06985));
#2969=CARTESIAN_POINT('',(0.0762,0.0254,0.15875));
#2970=CARTESIAN_POINT('',(0.0762,0.0254,0.15875));
#2971=CARTESIAN_POINT('',(0.0762,-0.0254,0.15875));
#2972=CARTESIAN_POINT('',(0.0762,-0.0254,0.15875));
#2973=CARTESIAN_POINT('',(0.0508,-0.0254,0.06985));
#2974=CARTESIAN_POINT('',(0.0508,-0.0254,0.06985));
#2975=CARTESIAN_POINT('',(0.0508,0.0254,0.1778));
#2976=CARTESIAN_POINT('',(0.0508,0.0254,0.15875));
#2977=CARTESIAN_POINT('',(-0.003175,0.0254,0.15875));
#2978=CARTESIAN_POINT('',(0.0508,0.0254,0.15875));
#2979=CARTESIAN_POINT('',(-0.003175,-0.0254,0.15875));
#2980=CARTESIAN_POINT('',(0.0508,-0.0254,0.15875));
#2981=CARTESIAN_POINT('',(0.0508,-0.0254,0.1778));
#2982=CARTESIAN_POINT('',(0.0508,-0.0254,0.15875));
#2983=CARTESIAN_POINT('',(0.0508,0.0254,0.15875));
#2984=CARTESIAN_POINT('',(0.0508,0.0254,0.15875));
#2985=CARTESIAN_POINT('',(0.0508,-0.0254,0.15875));
#2986=CARTESIAN_POINT('',(0.0508,-0.0254,0.15875));
#2987=CARTESIAN_POINT('',(0.0508,6.93889390390723E-18,0.15875));
#2988=CARTESIAN_POINT('',(0.,0.,0.));
#2989=CARTESIAN_POINT('',(0.1016,0.,0.0508));
#2990=CARTESIAN_POINT('',(0.1016,0.0508,0.0508));
#2991=CARTESIAN_POINT('',(0.1016,0.0508,0.03175));
#2992=CARTESIAN_POINT('',(0.1016,0.0508,0.01905));
#2993=CARTESIAN_POINT('',(0.1016,0.,0.03175));
#2994=CARTESIAN_POINT('',(0.1016,-0.0508,0.03175));
#2995=CARTESIAN_POINT('',(0.1016,-0.0508,0.0508));
#2996=CARTESIAN_POINT('',(0.1016,-0.0508,0.01905));
#2997=CARTESIAN_POINT('',(0.1016,0.0508,0.01905));
#2998=CARTESIAN_POINT('',(0.0635,0.0508,0.0508));
#2999=CARTESIAN_POINT('',(0.0254,0.0508,0.0508));
#3000=CARTESIAN_POINT('',(0.0254,0.0508,0.03175));
#3001=CARTESIAN_POINT('',(0.0254,0.0508,0.01905));
#3002=CARTESIAN_POINT('',(0.1016,0.0508,0.03175));
#3003=CARTESIAN_POINT('',(0.0635,0.0508,0.01905));
#3004=CARTESIAN_POINT('',(0.0254,6.93889390390723E-18,0.0508));
#3005=CARTESIAN_POINT('',(0.0254,-0.0508,0.0508));
#3006=CARTESIAN_POINT('',(0.0254,-0.0508,0.03175));
#3007=CARTESIAN_POINT('',(0.0254,-0.0508,0.01905));
#3008=CARTESIAN_POINT('',(0.0254,0.0508,0.03175));
#3009=CARTESIAN_POINT('',(0.0254,6.93889390390723E-18,0.01905));
#3010=CARTESIAN_POINT('',(0.0635,-0.0508,0.0508));
#3011=CARTESIAN_POINT('',(0.0635,-0.0508,0.03175));
#3012=CARTESIAN_POINT('',(0.1016,-0.0508,0.01905));
#3013=CARTESIAN_POINT('',(0.,6.93889390390723E-18,0.0508));
#3014=CARTESIAN_POINT('',(0.04445,-0.0508,0.0508));
#3015=CARTESIAN_POINT('',(0.04445,0.03175,0.0508));
#3016=CARTESIAN_POINT('',(0.04445,-0.03175,0.0508));
#3017=CARTESIAN_POINT('',(-2.89120579329468E-18,-0.03175,0.0508));
#3018=CARTESIAN_POINT('',(0.08255,-0.03175,0.0508));
#3019=CARTESIAN_POINT('',(0.08255,6.93889390390723E-18,0.0508));
#3020=CARTESIAN_POINT('',(0.08255,0.03175,0.0508));
#3021=CARTESIAN_POINT('',(0.0254,0.03175,0.0508));
#3022=CARTESIAN_POINT('',(0.,6.93889390390723E-18,0.));
#3023=CARTESIAN_POINT('',(0.08255,-0.0508,0.));
#3024=CARTESIAN_POINT('',(0.08255,0.03175,0.));
#3025=CARTESIAN_POINT('',(0.08255,-0.03175,0.));
#3026=CARTESIAN_POINT('',(0.0254,-0.03175,0.));
#3027=CARTESIAN_POINT('',(0.04445,-0.03175,0.));
#3028=CARTESIAN_POINT('',(0.04445,9.97465998686664E-18,0.));
#3029=CARTESIAN_POINT('',(0.04445,0.03175,0.));
#3030=CARTESIAN_POINT('',(2.89120579329468E-18,0.03175,0.));
#3031=CARTESIAN_POINT('',(0.08255,0.,0.03175));
#3032=CARTESIAN_POINT('',(0.08255,-0.03175,0.03175));
#3033=CARTESIAN_POINT('',(0.08255,0.03175,0.03175));
#3034=CARTESIAN_POINT('',(2.89120579329468E-18,0.03175,0.03175));
#3035=CARTESIAN_POINT('',(0.04445,0.03175,0.03175));
#3036=CARTESIAN_POINT('',(0.0635,-0.03175,0.03175));
#3037=CARTESIAN_POINT('',(0.04445,-0.03175,0.03175));
#3038=CARTESIAN_POINT('',(0.04445,9.97465998686664E-18,0.03175));
#3039=CARTESIAN_POINT('',(0.08255,6.93889390390723E-18,0.01905));
#3040=CARTESIAN_POINT('',(0.08255,-0.03175,0.01905));
#3041=CARTESIAN_POINT('',(0.08255,0.03175,0.01905));
#3042=CARTESIAN_POINT('',(0.0635,0.03175,0.01905));
#3043=CARTESIAN_POINT('',(0.04445,0.03175,0.01905));
#3044=CARTESIAN_POINT('',(-2.89120579329468E-18,-0.03175,0.01905));
#3045=CARTESIAN_POINT('',(0.04445,-0.03175,0.01905));
#3046=CARTESIAN_POINT('',(0.04445,8.23993651088983E-18,0.01905));
#3047=CARTESIAN_POINT('',(0.,0.,0.));
#3048=CARTESIAN_POINT('',(-0.0254,0.,0.0508));
#3049=CARTESIAN_POINT('',(-0.0254,0.0508,0.0508));
#3050=CARTESIAN_POINT('',(-0.0254,0.0508,0.03175));
#3051=CARTESIAN_POINT('',(-0.0254,0.0508,0.01905));
#3052=CARTESIAN_POINT('',(-0.0254,0.,0.03175));
#3053=CARTESIAN_POINT('',(-0.0254,-0.0508,0.03175));
#3054=CARTESIAN_POINT('',(-0.0254,-0.0508,0.0508));
#3055=CARTESIAN_POINT('',(-0.0254,-0.0508,0.01905));
#3056=CARTESIAN_POINT('',(-0.0254,0.0508,0.01905));
#3057=CARTESIAN_POINT('',(-0.0635,0.0508,0.0508));
#3058=CARTESIAN_POINT('',(-0.1016,0.0508,0.0508));
#3059=CARTESIAN_POINT('',(-0.1016,0.0508,0.03175));
#3060=CARTESIAN_POINT('',(-0.1016,0.0508,0.01905));
#3061=CARTESIAN_POINT('',(-0.0254,0.0508,0.03175));
#3062=CARTESIAN_POINT('',(-0.0635,0.0508,0.01905));
#3063=CARTESIAN_POINT('',(-0.1016,6.93889390390723E-18,0.0508));
#3064=CARTESIAN_POINT('',(-0.1016,-0.0508,0.0508));
#3065=CARTESIAN_POINT('',(-0.1016,-0.0508,0.03175));
#3066=CARTESIAN_POINT('',(-0.1016,-0.0508,0.01905));
#3067=CARTESIAN_POINT('',(-0.1016,0.0508,0.03175));
#3068=CARTESIAN_POINT('',(-0.1016,6.93889390390723E-18,0.01905));
#3069=CARTESIAN_POINT('',(-0.0635,-0.0508,0.0508));
#3070=CARTESIAN_POINT('',(-0.0635,-0.0508,0.03175));
#3071=CARTESIAN_POINT('',(-0.0254,-0.0508,0.01905));
#3072=CARTESIAN_POINT('',(0.,6.93889390390723E-18,0.0508));
#3073=CARTESIAN_POINT('',(-0.08255,-0.0508,0.0508));
#3074=CARTESIAN_POINT('',(-0.08255,0.03175,0.0508));
#3075=CARTESIAN_POINT('',(-0.08255,-0.03175,0.0508));
#3076=CARTESIAN_POINT('',(-2.89120579329468E-18,-0.03175,0.0508));
#3077=CARTESIAN_POINT('',(-0.04445,-0.03175,0.0508));
#3078=CARTESIAN_POINT('',(-0.04445,3.90312782094781E-18,0.0508));
#3079=CARTESIAN_POINT('',(-0.04445,0.03175,0.0508));
#3080=CARTESIAN_POINT('',(-0.1016,0.03175,0.0508));
#3081=CARTESIAN_POINT('',(0.,6.93889390390723E-18,0.));
#3082=CARTESIAN_POINT('',(-0.04445,-0.0508,0.));
#3083=CARTESIAN_POINT('',(-0.04445,0.03175,0.));
#3084=CARTESIAN_POINT('',(-0.04445,-0.03175,0.));
#3085=CARTESIAN_POINT('',(-0.1016,-0.03175,0.));
#3086=CARTESIAN_POINT('',(-0.08255,-0.03175,0.));
#3087=CARTESIAN_POINT('',(-0.08255,6.93889390390723E-18,0.));
#3088=CARTESIAN_POINT('',(-0.08255,0.03175,0.));
#3089=CARTESIAN_POINT('',(2.89120579329468E-18,0.03175,0.));
#3090=CARTESIAN_POINT('',(-0.04445,-1.30104260698261E-18,0.03175));
#3091=CARTESIAN_POINT('',(-0.04445,-0.03175,0.03175));
#3092=CARTESIAN_POINT('',(-0.04445,0.03175,0.03175));
#3093=CARTESIAN_POINT('',(2.89120579329468E-18,0.03175,0.03175));
#3094=CARTESIAN_POINT('',(-0.08255,0.03175,0.03175));
#3095=CARTESIAN_POINT('',(-0.0635,-0.03175,0.03175));
#3096=CARTESIAN_POINT('',(-0.08255,-0.03175,0.03175));
#3097=CARTESIAN_POINT('',(-0.08255,6.93889390390723E-18,0.03175));
#3098=CARTESIAN_POINT('',(-0.04445,3.90312782094781E-18,0.01905));
#3099=CARTESIAN_POINT('',(-0.04445,-0.03175,0.01905));
#3100=CARTESIAN_POINT('',(-0.04445,0.03175,0.01905));
#3101=CARTESIAN_POINT('',(-0.0635,0.03175,0.01905));
#3102=CARTESIAN_POINT('',(-0.08255,0.03175,0.01905));
#3103=CARTESIAN_POINT('',(-2.89120579329468E-18,-0.03175,0.01905));
#3104=CARTESIAN_POINT('',(-0.08255,-0.03175,0.01905));
#3105=CARTESIAN_POINT('',(-0.08255,6.93889390390723E-18,0.01905));
#3106=CARTESIAN_POINT('',(0.,0.,0.));
#3107=CARTESIAN_POINT('',(-0.21971,2.31296463463575E-17,0.346681654453278));
#3108=CARTESIAN_POINT('',(-0.20066,2.13949228703806E-17,0.346681654453278));
#3109=CARTESIAN_POINT('',(-0.20066,0.01905,0.346681654453278));
#3110=CARTESIAN_POINT('',(-0.11811,1.38777878078145E-17,0.346681654453278));
#3111=CARTESIAN_POINT('',(-0.11811,-0.01905,0.346681654453278));
#3112=CARTESIAN_POINT('',(-0.11811,-0.00635,0.309217385005951));
#3113=CARTESIAN_POINT('',(-0.20066,2.13949228703806E-17,0.346681654453278));
#3114=CARTESIAN_POINT('',(0.,0.,0.));
#3115=CARTESIAN_POINT('',(0.0256563513831291,-0.0381,0.536747850133898));
#3116=CARTESIAN_POINT('',(0.0256563513831291,-0.0381,0.524047850133898));
#3117=MECHANICAL_DESIGN_GEOMETRIC_PRESENTATION_REPRESENTATION('',(#1634,
#1497,#1498,#1499,#1500,#1501,#1502,#1503,#1504,#1505,#1506,#1507),#3125);
#3118=MECHANICAL_DESIGN_GEOMETRIC_PRESENTATION_REPRESENTATION('',(#1635),
#3126);
#3119=MECHANICAL_DESIGN_GEOMETRIC_PRESENTATION_REPRESENTATION('',(#1636),
#3127);
#3120=MECHANICAL_DESIGN_GEOMETRIC_PRESENTATION_REPRESENTATION('',(#1637),
#3128);
#3121=MECHANICAL_DESIGN_GEOMETRIC_PRESENTATION_REPRESENTATION('',(#1638),
#3129);
#3122=MECHANICAL_DESIGN_GEOMETRIC_PRESENTATION_REPRESENTATION('',(#1639),
#3130);
#3123=MECHANICAL_DESIGN_GEOMETRIC_PRESENTATION_REPRESENTATION('',(#1640),
#3131);
#3124=MECHANICAL_DESIGN_GEOMETRIC_PRESENTATION_REPRESENTATION('',(#1641),
#3132);
#3125=(
GEOMETRIC_REPRESENTATION_CONTEXT(3)
GLOBAL_UNCERTAINTY_ASSIGNED_CONTEXT((#3133))
GLOBAL_UNIT_ASSIGNED_CONTEXT((#3157,#3149,#3141))
REPRESENTATION_CONTEXT('Part 5','TOP_LEVEL_ASSEMBLY_PART')
);
#3126=(
GEOMETRIC_REPRESENTATION_CONTEXT(3)
GLOBAL_UNCERTAINTY_ASSIGNED_CONTEXT((#3134))
GLOBAL_UNIT_ASSIGNED_CONTEXT((#3158,#3150,#3142))
REPRESENTATION_CONTEXT('Part 3','TOP_LEVEL_ASSEMBLY_PART')
);
#3127=(
GEOMETRIC_REPRESENTATION_CONTEXT(3)
GLOBAL_UNCERTAINTY_ASSIGNED_CONTEXT((#3135))
GLOBAL_UNIT_ASSIGNED_CONTEXT((#3159,#3151,#3143))
REPRESENTATION_CONTEXT('Part 7','TOP_LEVEL_ASSEMBLY_PART')
);
#3128=(
GEOMETRIC_REPRESENTATION_CONTEXT(3)
GLOBAL_UNCERTAINTY_ASSIGNED_CONTEXT((#3136))
GLOBAL_UNIT_ASSIGNED_CONTEXT((#3160,#3152,#3144))
REPRESENTATION_CONTEXT('Part 4','TOP_LEVEL_ASSEMBLY_PART')
);
#3129=(
GEOMETRIC_REPRESENTATION_CONTEXT(3)
GLOBAL_UNCERTAINTY_ASSIGNED_CONTEXT((#3137))
GLOBAL_UNIT_ASSIGNED_CONTEXT((#3161,#3153,#3145))
REPRESENTATION_CONTEXT('Part 1','TOP_LEVEL_ASSEMBLY_PART')
);
#3130=(
GEOMETRIC_REPRESENTATION_CONTEXT(3)
GLOBAL_UNCERTAINTY_ASSIGNED_CONTEXT((#3138))
GLOBAL_UNIT_ASSIGNED_CONTEXT((#3162,#3154,#3146))
REPRESENTATION_CONTEXT('Part 2','TOP_LEVEL_ASSEMBLY_PART')
);
#3131=(
GEOMETRIC_REPRESENTATION_CONTEXT(3)
GLOBAL_UNCERTAINTY_ASSIGNED_CONTEXT((#3139))
GLOBAL_UNIT_ASSIGNED_CONTEXT((#3163,#3155,#3147))
REPRESENTATION_CONTEXT('Part 6','TOP_LEVEL_ASSEMBLY_PART')
);
#3132=(
GEOMETRIC_REPRESENTATION_CONTEXT(3)
GLOBAL_UNCERTAINTY_ASSIGNED_CONTEXT((#3140))
GLOBAL_UNIT_ASSIGNED_CONTEXT((#3164,#3156,#3148))
REPRESENTATION_CONTEXT('Part 8','TOP_LEVEL_ASSEMBLY_PART')
);
#3133=UNCERTAINTY_MEASURE_WITH_UNIT(LENGTH_MEASURE(2.E-5),#3157,
'DISTANCE_ACCURACY_VALUE','Maximum Tolerance applied to model');
#3134=UNCERTAINTY_MEASURE_WITH_UNIT(LENGTH_MEASURE(1.E-8),#3158,
'DISTANCE_ACCURACY_VALUE','Maximum Tolerance applied to model');
#3135=UNCERTAINTY_MEASURE_WITH_UNIT(LENGTH_MEASURE(1.E-8),#3159,
'DISTANCE_ACCURACY_VALUE','Maximum Tolerance applied to model');
#3136=UNCERTAINTY_MEASURE_WITH_UNIT(LENGTH_MEASURE(1.E-8),#3160,
'DISTANCE_ACCURACY_VALUE','Maximum Tolerance applied to model');
#3137=UNCERTAINTY_MEASURE_WITH_UNIT(LENGTH_MEASURE(1.E-8),#3161,
'DISTANCE_ACCURACY_VALUE','Maximum Tolerance applied to model');
#3138=UNCERTAINTY_MEASURE_WITH_UNIT(LENGTH_MEASURE(1.E-8),#3162,
'DISTANCE_ACCURACY_VALUE','Maximum Tolerance applied to model');
#3139=UNCERTAINTY_MEASURE_WITH_UNIT(LENGTH_MEASURE(1.E-8),#3163,
'DISTANCE_ACCURACY_VALUE','Maximum Tolerance applied to model');
#3140=UNCERTAINTY_MEASURE_WITH_UNIT(LENGTH_MEASURE(1.E-8),#3164,
'DISTANCE_ACCURACY_VALUE','Maximum Tolerance applied to model');
#3141=(
NAMED_UNIT(*)
SI_UNIT($,.STERADIAN.)
SOLID_ANGLE_UNIT()
);
#3142=(
NAMED_UNIT(*)
SI_UNIT($,.STERADIAN.)
SOLID_ANGLE_UNIT()
);
#3143=(
NAMED_UNIT(*)
SI_UNIT($,.STERADIAN.)
SOLID_ANGLE_UNIT()
);
#3144=(
NAMED_UNIT(*)
SI_UNIT($,.STERADIAN.)
SOLID_ANGLE_UNIT()
);
#3145=(
NAMED_UNIT(*)
SI_UNIT($,.STERADIAN.)
SOLID_ANGLE_UNIT()
);
#3146=(
NAMED_UNIT(*)
SI_UNIT($,.STERADIAN.)
SOLID_ANGLE_UNIT()
);
#3147=(
NAMED_UNIT(*)
SI_UNIT($,.STERADIAN.)
SOLID_ANGLE_UNIT()
);
#3148=(
NAMED_UNIT(*)
SI_UNIT($,.STERADIAN.)
SOLID_ANGLE_UNIT()
);
#3149=(
NAMED_UNIT(*)
PLANE_ANGLE_UNIT()
SI_UNIT($,.RADIAN.)
);
#3150=(
NAMED_UNIT(*)
PLANE_ANGLE_UNIT()
SI_UNIT($,.RADIAN.)
);
#3151=(
NAMED_UNIT(*)
PLANE_ANGLE_UNIT()
SI_UNIT($,.RADIAN.)
);
#3152=(
NAMED_UNIT(*)
PLANE_ANGLE_UNIT()
SI_UNIT($,.RADIAN.)
);
#3153=(
NAMED_UNIT(*)
PLANE_ANGLE_UNIT()
SI_UNIT($,.RADIAN.)
);
#3154=(
NAMED_UNIT(*)
PLANE_ANGLE_UNIT()
SI_UNIT($,.RADIAN.)
);
#3155=(
NAMED_UNIT(*)
PLANE_ANGLE_UNIT()
SI_UNIT($,.RADIAN.)
);
#3156=(
NAMED_UNIT(*)
PLANE_ANGLE_UNIT()
SI_UNIT($,.RADIAN.)
);
#3157=(
LENGTH_UNIT()
NAMED_UNIT(*)
SI_UNIT($,.METRE.)
);
#3158=(
LENGTH_UNIT()
NAMED_UNIT(*)
SI_UNIT($,.METRE.)
);
#3159=(
LENGTH_UNIT()
NAMED_UNIT(*)
SI_UNIT($,.METRE.)
);
#3160=(
LENGTH_UNIT()
NAMED_UNIT(*)
SI_UNIT($,.METRE.)
);
#3161=(
LENGTH_UNIT()
NAMED_UNIT(*)
SI_UNIT($,.METRE.)
);
#3162=(
LENGTH_UNIT()
NAMED_UNIT(*)
SI_UNIT($,.METRE.)
);
#3163=(
LENGTH_UNIT()
NAMED_UNIT(*)
SI_UNIT($,.METRE.)
);
#3164=(
LENGTH_UNIT()
NAMED_UNIT(*)
SI_UNIT($,.METRE.)
);
#3165=PRODUCT_DEFINITION_SHAPE('','',#3173);
#3166=PRODUCT_DEFINITION_SHAPE('','',#3174);
#3167=PRODUCT_DEFINITION_SHAPE('','',#3175);
#3168=PRODUCT_DEFINITION_SHAPE('','',#3176);
#3169=PRODUCT_DEFINITION_SHAPE('','',#3177);
#3170=PRODUCT_DEFINITION_SHAPE('','',#3178);
#3171=PRODUCT_DEFINITION_SHAPE('','',#3179);
#3172=PRODUCT_DEFINITION_SHAPE('','',#3180);
#3173=PRODUCT_DEFINITION('','',#3189,#3181);
#3174=PRODUCT_DEFINITION('','',#3190,#3182);
#3175=PRODUCT_DEFINITION('','',#3191,#3183);
#3176=PRODUCT_DEFINITION('','',#3192,#3184);
#3177=PRODUCT_DEFINITION('','',#3193,#3185);
#3178=PRODUCT_DEFINITION('','',#3194,#3186);
#3179=PRODUCT_DEFINITION('','',#3195,#3187);
#3180=PRODUCT_DEFINITION('','',#3196,#3188);
#3181=PRODUCT_DEFINITION_CONTEXT('',#3237,'design');
#3182=PRODUCT_DEFINITION_CONTEXT('',#3238,'design');
#3183=PRODUCT_DEFINITION_CONTEXT('',#3239,'design');
#3184=PRODUCT_DEFINITION_CONTEXT('',#3240,'design');
#3185=PRODUCT_DEFINITION_CONTEXT('',#3241,'design');
#3186=PRODUCT_DEFINITION_CONTEXT('',#3242,'design');
#3187=PRODUCT_DEFINITION_CONTEXT('',#3243,'design');
#3188=PRODUCT_DEFINITION_CONTEXT('',#3244,'design');
#3189=PRODUCT_DEFINITION_FORMATION_WITH_SPECIFIED_SOURCE('','',#3205,
 .NOT_KNOWN.);
#3190=PRODUCT_DEFINITION_FORMATION_WITH_SPECIFIED_SOURCE('','',#3206,
 .NOT_KNOWN.);
#3191=PRODUCT_DEFINITION_FORMATION_WITH_SPECIFIED_SOURCE('','',#3207,
 .NOT_KNOWN.);
#3192=PRODUCT_DEFINITION_FORMATION_WITH_SPECIFIED_SOURCE('','',#3208,
 .NOT_KNOWN.);
#3193=PRODUCT_DEFINITION_FORMATION_WITH_SPECIFIED_SOURCE('','',#3209,
 .NOT_KNOWN.);
#3194=PRODUCT_DEFINITION_FORMATION_WITH_SPECIFIED_SOURCE('','',#3210,
 .NOT_KNOWN.);
#3195=PRODUCT_DEFINITION_FORMATION_WITH_SPECIFIED_SOURCE('','',#3211,
 .NOT_KNOWN.);
#3196=PRODUCT_DEFINITION_FORMATION_WITH_SPECIFIED_SOURCE('','',#3212,
 .NOT_KNOWN.);
#3197=PRODUCT_RELATED_PRODUCT_CATEGORY('','',(#3205));
#3198=PRODUCT_RELATED_PRODUCT_CATEGORY('','',(#3206));
#3199=PRODUCT_RELATED_PRODUCT_CATEGORY('','',(#3207));
#3200=PRODUCT_RELATED_PRODUCT_CATEGORY('','',(#3208));
#3201=PRODUCT_RELATED_PRODUCT_CATEGORY('','',(#3209));
#3202=PRODUCT_RELATED_PRODUCT_CATEGORY('','',(#3210));
#3203=PRODUCT_RELATED_PRODUCT_CATEGORY('','',(#3211));
#3204=PRODUCT_RELATED_PRODUCT_CATEGORY('','',(#3212));
#3205=PRODUCT('Part 5','Part 5','Part 5',(#3221));
#3206=PRODUCT('Part 3','Part 3','Part 3',(#3222));
#3207=PRODUCT('Part 7','Part 7','Part 7',(#3223));
#3208=PRODUCT('Part 4','Part 4','Part 4',(#3224));
#3209=PRODUCT('Part 1','Part 1','Part 1',(#3225));
#3210=PRODUCT('Part 2','Part 2','Part 2',(#3226));
#3211=PRODUCT('Part 6','Part 6','Part 6',(#3227));
#3212=PRODUCT('Part 8','Part 8','Part 8',(#3228));
#3213=PRODUCT_CATEGORY('','');
#3214=PRODUCT_CATEGORY('','');
#3215=PRODUCT_CATEGORY('','');
#3216=PRODUCT_CATEGORY('','');
#3217=PRODUCT_CATEGORY('','');
#3218=PRODUCT_CATEGORY('','');
#3219=PRODUCT_CATEGORY('','');
#3220=PRODUCT_CATEGORY('','');
#3221=PRODUCT_CONTEXT('',#3237,'mechanical');
#3222=PRODUCT_CONTEXT('',#3238,'mechanical');
#3223=PRODUCT_CONTEXT('',#3239,'mechanical');
#3224=PRODUCT_CONTEXT('',#3240,'mechanical');
#3225=PRODUCT_CONTEXT('',#3241,'mechanical');
#3226=PRODUCT_CONTEXT('',#3242,'mechanical');
#3227=PRODUCT_CONTEXT('',#3243,'mechanical');
#3228=PRODUCT_CONTEXT('',#3244,'mechanical');
#3229=APPLICATION_PROTOCOL_DEFINITION('international standard',
'ap242_managed_model_based_3d_engineering',2020,#3237);
#3230=APPLICATION_PROTOCOL_DEFINITION('international standard',
'ap242_managed_model_based_3d_engineering',2020,#3238);
#3231=APPLICATION_PROTOCOL_DEFINITION('international standard',
'ap242_managed_model_based_3d_engineering',2020,#3239);
#3232=APPLICATION_PROTOCOL_DEFINITION('international standard',
'ap242_managed_model_based_3d_engineering',2020,#3240);
#3233=APPLICATION_PROTOCOL_DEFINITION('international standard',
'ap242_managed_model_based_3d_engineering',2020,#3241);
#3234=APPLICATION_PROTOCOL_DEFINITION('international standard',
'ap242_managed_model_based_3d_engineering',2020,#3242);
#3235=APPLICATION_PROTOCOL_DEFINITION('international standard',
'ap242_managed_model_based_3d_engineering',2020,#3243);
#3236=APPLICATION_PROTOCOL_DEFINITION('international standard',
'ap242_managed_model_based_3d_engineering',2020,#3244);
#3237=APPLICATION_CONTEXT('managed model based 3d engineering');
#3238=APPLICATION_CONTEXT('managed model based 3d engineering');
#3239=APPLICATION_CONTEXT('managed model based 3d engineering');
#3240=APPLICATION_CONTEXT('managed model based 3d engineering');
#3241=APPLICATION_CONTEXT('managed model based 3d engineering');
#3242=APPLICATION_CONTEXT('managed model based 3d engineering');
#3243=APPLICATION_CONTEXT('managed model based 3d engineering');
#3244=APPLICATION_CONTEXT('managed model based 3d engineering');
ENDSEC;
END-ISO-10303-21;
